GEOID,Pct_NonWhite,Pct_PublicTrans,Pct_RentBurden,Pct_BelowPov
6037101110,47,2.61,52.5,11.7
6037101122,27.7,0.60,69.77,6.4
6037101220,55.8,6.72,43.23,17.8
6037101221,56.1,1.83,68.72,14.3
6037101222,54,5.22,55.33,13.9
6037101300,28,1.27,37.34,7.8
6037101400,37,0.06,79.51,6.9
6037102103,20.9,0.89,89.97,9
6037102104,30.4,2.26,32.56,5
6037102105,82,0.00,46.01,9.4
6037102107,29,0.00,51.38,13.9
6037103101,35.1,0.00,51.91,4.1
6037103102,34.9,0.55,87.98,11
6037103201,48.7,1.90,60.58,10.3
6037103202,47,1.92,0,2.5
6037103300,27.4,0.00,83.72,8.5
6037103401,33.4,0.50,57.99,5.4
6037103402,40.9,2.41,27.77,8.6
6037104103,93.7,0.44,71.33,11.9
6037104105,96.3,4.27,72.25,22
6037104108,98.8,2.61,52.86,13.8
6037104124,65.3,3.59,64.68,8.9
6037104201,99.5,2.90,70.1,10.9
6037104203,99.3,3.66,75.24,21.9
6037104204,88.7,0.89,52.23,14.2
6037104310,98.7,1.96,51.91,12.3
6037104321,99.6,3.70,62.62,15.7
6037104322,95.6,4.44,87.33,7.8
6037104401,97.1,1.40,58.42,21.8
6037104403,98.5,0.00,75.31,22.7
6037104404,98.6,5.67,57.21,14.2
6037104500,98.3,7.44,77.38,33.8
6037104610,97.9,1.93,72.56,8.7
6037104620,95.5,3.43,65.96,19.6
6037104701,99.7,5.49,51.86,30.3
6037104703,91.2,0.00,49.06,17.7
6037104704,92.5,2.58,64.12,23.7
6037104821,95.7,3.00,44.59,16.4
6037104822,98.5,9.20,64.52,27.4
6037104823,98.6,5.19,89.92,22.1
6037104824,99.6,2.05,68.42,10.5
6037106010,81.6,0.30,69.27,5.2
6037106020,92.2,0.86,64.9,17.4
6037106111,74.1,0.32,0,4.9
6037106112,83.1,0.04,38.31,14.4
6037106113,88,0.00,72.64,3.4
6037106114,96.3,1.62,60.77,25
6037106403,91.6,1.26,60.2,8.8
6037106405,89,0.36,38.76,17.4
6037106406,80.3,0.65,54.63,3.7
6037106407,91.4,4.85,76.44,34.8
6037106408,96,3.44,60.12,29.6
6037106510,87.1,3.01,81.36,15.5
6037106520,95.5,1.88,61.85,13
6037106603,54.1,2.27,64.44,5.7
6037106604,95,6.30,61.29,12.4
6037106641,35.5,0.64,60.98,6.6
6037106642,34,1.30,84.07,8.1
6037106643,48.5,2.75,16.95,2.8
6037106645,44.1,2.04,85.71,5.2
6037106646,59.9,1.14,70.55,5.7
6037106648,93,0.48,62.72,13.5
6037106649,90,1.46,83.33,4.9
6037107010,94.5,1.14,57.94,4.4
6037107020,93.6,1.44,68.8,18.4
6037108101,47.4,0.22,10.61,3.5
6037108102,50.1,0.00,54.07,11.8
6037108103,43.2,1.77,93.07,6.3
6037108104,42.3,0.00,61.9,2.9
6037108202,69.1,0.00,74.39,3.3
6037108203,62,0.00,62,5.3
6037108204,63.9,0.00,43.48,2.8
6037109100,67.3,4.33,59.34,8.8
6037109200,63.3,1.10,21.85,5.5
6037109300,71.7,0.85,60.36,5.3
6037109400,87,2.54,72.91,5.4
6037109500,93.1,6.12,55.81,17.2
6037109601,76.8,1.02,59.9,7.6
6037109603,90,2.17,58.67,11.8
6037109604,86.1,3.74,56.21,10.8
6037109700,66.1,3.81,60.86,5.4
6037109800,64.6,2.45,68.07,10.1
6037111100,71.3,0.54,44.48,7.3
6037111201,71.3,1.40,37.5,8.2
6037111202,62.5,5.15,48.65,9
6037111204,56.5,0.00,22.51,2.1
6037111205,63.6,0.84,49.33,9.8
6037111206,50.4,0.00,67.65,6.2
6037111302,57.3,0.94,60.92,9
6037111303,49.5,0.00,73.51,5.5
6037111304,88.6,1.11,61.34,25.7
6037111401,61.9,0.82,62.36,3.9
6037111402,55.2,3.65,59.15,14.7
6037113101,38.6,0.69,60.77,11.9
6037113102,55.8,0.00,61.29,3.5
6037113211,53.2,0.40,44.58,7.4
6037113212,64.1,0.00,68.08,3.6
6037113213,63.6,0.17,45.08,5.5
6037113231,38.2,0.78,89.62,4.7
6037113232,47.7,1.40,53.85,8.4
6037113234,80.7,2.60,44.46,17.6
6037113235,50.5,0.00,68.72,13.1
6037113237,59.6,0.35,36.18,5.4
6037113238,83.7,5.50,65.11,11.3
6037113239,77.3,8.04,73.53,10
6037113301,48,4.20,62.26,11.4
6037113303,71.4,2.81,39.2,7.4
6037113322,52.4,0.00,53.63,12.4
6037113323,72,0.00,51.89,9.8
6037113324,77.3,1.16,30.95,5.5
6037113423,72.4,6.96,68.35,9.4
6037113424,70,0.97,78.43,7.4
6037113425,86.6,7.70,68.71,9.1
6037113426,70.9,1.34,62.09,16.7
6037113427,81.5,10.47,64.02,16.1
6037113428,50.9,0.57,80.81,9
6037115101,43.4,1.09,47.86,8.7
6037115103,64.3,0.64,35.71,37.5
6037115104,68.8,5.01,60.03,21.8
6037115202,73.2,3.52,75.45,24.7
6037115203,65.4,1.31,55.38,20
6037115204,64.5,2.30,52.39,10.7
6037115301,61.6,0.48,55.06,8.8
6037115302,88,7.27,70.87,18.1
6037115401,68,1.04,78.47,16.7
6037115403,78.8,2.93,49.18,27.9
6037115404,81.2,7.58,62.96,9.7
6037117101,81.9,7.03,68.02,11.5
6037117102,76.3,4.59,82.88,9.7
6037117201,85.4,12.76,73.15,25
6037117202,74.4,0.00,61.9,10.5
6037117301,69.9,0.00,43.88,5.5
6037117302,62.2,2.45,65.57,7
6037117303,71.6,0.00,69.29,7.2
6037117404,71.1,5.29,66.11,10.6
6037117405,94.5,10.60,63.83,28
6037117407,98.1,5.99,59.16,29.7
6037117408,92.4,9.04,60.87,37.5
6037117510,91.4,18.12,67.62,24.2
6037117520,93.7,6.84,70.09,40.7
6037117530,90.5,6.39,55.38,29.8
6037119001,91.1,0.86,47.06,9.2
6037119003,95.9,5.13,66.9,18.1
6037119004,90.4,0.00,62.12,9.5
6037119201,93.7,1.14,36.54,9.1
6037119202,97.5,1.81,44.62,17.2
6037119310,76.5,6.42,63.77,9.9
6037119320,90.3,7.19,51.62,16.4
6037119340,96.6,13.14,66.9,33.3
6037119341,94.7,5.29,64.26,16.3
6037119342,93.6,11.55,67.99,11.4
6037119400,91.8,1.41,60.11,9.8
6037119700,77.2,0.00,36.08,3.6
6037119801,91.3,2.36,57.26,13.7
6037119802,94.1,1.91,35.2,15.7
6037119900,94.4,5.58,72.45,2.6
6037120010,93.8,4.96,55.26,13.9
6037120020,92.4,9.98,69.36,22
6037120030,89.6,11.26,56.83,30.4
6037120103,97,16.10,77.16,34.8
6037120104,89.6,5.63,56.71,22.2
6037120105,93.7,4.22,62.17,19.2
6037120106,97.5,12.41,79.34,33.2
6037120107,95.6,3.18,67.5,35.1
6037120108,89.7,8.95,58.82,25
6037120300,77.3,8.07,69.82,17.3
6037120400,74.3,4.41,59.48,15.6
6037121010,70.5,5.86,59.22,8.2
6037121020,68.4,3.08,72.71,11.2
6037121101,82.7,5.42,48.88,11.6
6037121102,58.4,0.37,63.87,5.9
6037121210,87.3,2.18,63.04,9.2
6037121221,86.4,0.00,31.67,9.3
6037121222,90.9,6.54,57.82,14.8
6037121600,60.4,2.23,63.39,17.1
6037121801,86.9,4.91,71.78,10.9
6037121802,80.5,5.78,51.94,18.8
6037121900,83.1,4.26,54.9,12
6037122000,56.3,2.03,62.86,10.6
6037122120,85.7,2.54,48.07,14.3
6037122121,88.4,2.96,56.82,28
6037122122,92.6,10.56,73.04,29.4
6037122200,86.9,0.42,68.7,10.9
6037122410,93.1,5.24,47.27,19.4
6037122420,92.2,4.88,58.64,16.5
6037123010,91.1,4.83,86.09,27.3
6037123020,84.1,4.64,60.98,7.7
6037123103,69.8,1.41,48.38,10.6
6037123104,67.5,7.94,60.31,25
6037123203,81,7.17,71.69,26
6037123204,82.9,11.48,60.81,24.2
6037123205,82.1,15.87,64.34,34.6
6037123206,90.9,5.36,53.81,18.9
6037123301,66.5,3.44,69.65,7.9
6037123303,62.6,18.36,54.58,19.1
6037123304,53.7,10.12,69.25,15.5
6037123410,60.6,8.05,80.28,29.1
6037123420,65.4,7.46,63.2,20.2
6037123510,61.3,6.05,65.43,21.7
6037123520,64.4,3.91,70.77,16
6037123601,50.9,8.08,52.78,17.1
6037123602,46.1,14.55,64.95,23.6
6037123700,46.1,1.51,53.2,12.7
6037123800,36.6,2.20,54.45,14
6037123901,65.4,12.32,64.48,23.7
6037123902,51.2,1.51,50.23,18.2
6037124000,29.3,1.08,54.87,17.8
6037124102,69.1,7.91,60.09,28.3
6037124103,76.8,9.83,56.18,12.1
6037124104,75.7,6.60,69.08,20.3
6037124105,75.8,9.61,57.02,16.5
6037124201,79,5.57,52.76,10.1
6037124203,73.5,6.09,60.89,9.3
6037124204,71.5,8.54,60.27,28.6
6037124300,65.4,6.35,61.4,6.7
6037124400,40.1,0.00,54.16,8
6037124500,43.1,4.11,68.59,15.5
6037124600,26.7,0.54,67.72,3.7
6037124700,28.5,4.02,44.4,8.9
6037124902,54.6,5.80,50.43,12.2
6037124903,50.2,4.07,62.77,14.5
6037125101,61.2,4.63,51.89,13.9
6037125102,29.7,1.87,56.61,9.4
6037125200,47.7,5.40,56.51,7.6
6037125310,62.4,4.21,52.33,11.9
6037125321,50.8,3.97,75.24,14.8
6037125322,64.7,4.88,74.85,28.7
6037125402,49.4,2.58,59.3,7.9
6037125403,57.2,9.94,67.53,14.1
6037125404,64.8,5.80,61.38,17.5
6037125501,41.6,1.17,54.32,14.2
6037125502,42.2,2.40,52.71,16.8
6037125600,44.6,0.64,53.05,9.1
6037127102,78.2,5.64,75.83,25.7
6037127103,77.6,14.81,51.59,10.4
6037127104,69.4,3.96,83.75,21.5
6037127210,80.6,6.63,56.18,8.7
6037127220,88.6,8.94,71.06,22.3
6037127300,79,8.88,58.72,7.6
6037127400,84.9,7.99,54.78,17.2
6037127520,92.9,13.45,63.19,24.6
6037127603,95.2,6.99,59.3,25.7
6037127604,69.6,6.92,71.77,24.4
6037127605,80.8,7.08,57.19,22.2
6037127606,77.2,2.12,59.82,25.3
6037127711,71.7,4.97,47.7,22.2
6037127712,78.6,2.98,60.9,22.5
6037127803,78.5,1.03,62.24,21.7
6037127804,78.5,6.82,58.63,13.8
6037127805,77.7,11.50,57.59,27.8
6037127806,84,4.41,54.99,9.3
6037127910,86.4,6.92,65.62,24.9
6037127920,49.4,13.30,62.07,22.2
6037128101,58.8,3.99,58.29,10.7
6037128102,85.3,6.66,55.02,14.3
6037128210,89.3,8.80,65.93,26.1
6037128220,64.9,6.07,60.52,19.2
6037128302,84.3,9.94,64.96,30.6
6037128303,89.5,10.94,67.1,34.1
6037128400,50.1,7.55,56.22,7.8
6037128500,41.6,2.32,52.84,8.5
6037128601,68.7,8.48,51.89,13.8
6037128602,40,3.19,68.47,13.8
6037128703,44.7,4.48,51.07,9.2
6037128704,32.6,2.57,37,7.3
6037128801,43.7,1.00,61.57,11.7
6037128802,51,3.69,52.72,5.9
6037128910,42.4,1.87,47.76,7.6
6037131021,78.1,10.98,64.56,10.5
6037131022,81.4,8.20,62.27,21.5
6037131023,77.8,1.86,63.64,12.4
6037131024,80.9,0.96,39.64,14.3
6037131100,58,0.51,89.42,5.1
6037131200,49.1,1.53,76.7,7.3
6037131300,84.6,2.27,65.22,6.9
6037131400,71.5,1.76,64.78,10.4
6037131600,82.6,1.47,57.04,14
6037131701,75.9,2.53,68.12,21
6037131702,75.2,3.36,85.62,7.3
6037131801,84.6,1.20,61.98,17.7
6037131802,76.7,0.00,59.8,5.4
6037131900,64.1,4.21,28.13,3.9
6037132001,61.7,0.00,59.56,13.7
6037132002,66.5,1.67,58.11,4.9
6037132101,64.8,1.52,61.68,30.9
6037132102,68,3.54,71.06,22.7
6037132301,85.2,8.67,48.33,19.6
6037132302,78.6,6.26,65.67,9.4
6037132501,70.3,0.73,49.64,9.1
6037132502,53.1,0.00,61.16,15.9
6037132700,64.9,4.59,71.93,19.2
6037132900,44.9,0.79,75.79,8.8
6037133000,66.7,0.00,40.72,13.3
6037133101,42,4.98,42,4.4
6037133102,53.9,7.01,65.36,16.5
6037134001,87.6,6.52,66.41,11.1
6037134002,83,6.88,65.49,21.9
6037134101,78.9,0.00,64.85,24.5
6037134103,77.3,4.01,72.62,32.3
6037134104,80.8,4.78,73.59,17.9
6037134201,77.9,2.03,65.04,7.6
6037134302,64.4,3.50,55.84,13.8
6037134303,53.5,1.56,33.33,7.2
6037134304,64,0.00,70.55,13.2
6037134305,93.6,6.05,60.44,16.4
6037134306,81.2,4.99,68.01,13.1
6037134421,39.4,0.58,79.07,3.4
6037134422,45.1,0.61,58.33,5
6037134423,33.9,0.69,75.84,10.7
6037134424,30.8,0.00,70.19,5.3
6037134520,87.4,12.55,62.81,21.6
6037134521,98.5,12.82,62.35,28.4
6037134522,80.9,9.43,58.25,23.3
6037134710,85.7,4.99,72.05,29.9
6037134720,80.6,0.20,62.03,13.2
6037134801,74,0.68,72.79,15.5
6037134802,69.4,0.00,71.76,31.5
6037134901,42.4,3.25,66.35,8.1
6037134904,79.7,9.41,60.96,12.2
6037134905,57.8,2.30,57.93,16.5
6037134906,80.1,2.54,43.8,14.3
6037134907,49.6,4.47,46.44,25.3
6037135102,47.2,1.71,29.55,8.8
6037135111,57.6,3.66,34.24,8.3
6037135113,49,1.65,45.2,14.7
6037135115,70.5,2.05,49.12,5.6
6037135116,35.9,0.00,46.72,17.8
6037135201,35.4,0.98,63,15.1
6037135202,39.7,0.00,62.7,8.8
6037135204,43.7,3.21,59.56,4.4
6037135205,24.2,0.00,45.63,9.1
6037137000,30.7,0.97,44.96,6.9
6037137103,35.1,0.00,64.36,17.7
6037137104,31.7,0.00,29.03,10.3
6037137202,46.9,1.21,61.99,13.6
6037137203,55,4.92,46.13,9.6
6037137301,24.1,0.88,36.36,1.5
6037137302,28.9,0.48,29.45,8.8
6037137401,32.7,4.65,34.89,8.6
6037137402,42.6,0.00,50.34,3.3
6037137501,41.4,1.21,61.42,14.7
6037137502,38.7,0.79,51.97,3.4
6037137504,37.6,0.00,0,3.7
6037138000,19.8,0.00,67.14,3.3
6037139001,30.2,2.48,36.15,8.5
6037139200,29.7,0.00,68.67,7.4
6037139301,39,0.00,62.28,5.5
6037139302,69.4,6.13,52.66,17.1
6037139303,48.7,5.16,58.91,7
6037139401,37,0.73,60.77,6.7
6037139402,27.6,0.00,66,11.3
6037139502,27,4.10,58.85,5.6
6037139504,23.3,5.31,66.2,15.4
6037139505,43.6,1.12,78.8,21.1
6037139506,27.4,1.37,73.77,5.5
6037139600,18.7,0.00,50.94,6.9
6037139701,12.4,1.35,42.28,12.2
6037139703,18.1,0.00,62.5,2.4
6037139704,14.4,0.00,86.74,6.8
6037139705,21.6,1.01,57.69,2
6037139801,18.7,0.00,100,6.5
6037139802,25.7,2.36,37.27,3.8
6037141101,38.3,0.95,56.82,7.2
6037141102,37.6,0.00,52.34,6.9
6037141201,47.6,0.60,44.35,9.7
6037141202,28.1,0.00,49.14,6.3
6037141303,38.8,0.87,55.61,15
6037141304,23.9,2.26,54.19,10.7
6037141305,43.6,1.56,47.31,9.9
6037141306,31.7,3.83,57.16,1.6
6037141400,35.9,1.97,70.95,8.9
6037141500,21.8,0.00,0,2.7
6037141600,26.2,0.00,70.21,6.2
6037141700,14.7,0.00,34.88,1.3
6037143101,30.7,0.00,55.15,2.5
6037143102,37,1.00,54.28,7.4
6037143200,49.8,4.30,70.58,7.9
6037143301,36,0.55,55.63,7.5
6037143302,30.3,1.85,51.76,6.7
6037143401,36.2,1.74,53.47,7.5
6037143402,17.2,0.00,40.72,1.7
6037143500,24.5,2.41,46.05,3.7
6037143602,25.5,3.33,55.11,12.8
6037143603,41.5,0.94,63.34,10.1
6037143605,46.5,2.22,56.01,10.1
6037143606,42.6,6.78,41.62,11.1
6037143700,24.1,0.00,53.46,6.4
6037143801,43,0.82,30.2,7.6
6037143802,25.4,0.00,48.49,6
6037143901,22.4,0.00,54.19,3.2
6037143902,36.7,0.67,39.37,10.3
6037181000,54.8,1.99,39.31,8.2
6037181300,70.2,2.81,49.76,6.6
6037181400,70.6,4.35,30.18,7
6037181500,69.8,1.97,70.56,14.2
6037181600,69.3,2.16,51.85,4.6
6037183101,68.8,0.00,52.12,16.8
6037183103,73.2,10.14,37.74,8.7
6037183104,71.9,3.27,38.19,10.6
6037183220,73.2,2.76,35.94,6.8
6037183221,75,8.78,72.81,10.4
6037183222,59.2,3.99,33.89,11.1
6037183300,80.1,5.31,45.31,8
6037183401,81.6,5.20,61.56,12.3
6037183402,72.3,4.15,48.61,11.5
6037183510,79.7,6.46,56.71,5.8
6037183520,86.7,12.59,54.18,14
6037183610,78.5,6.20,61.68,17.4
6037183620,76.2,3.64,49.74,12.8
6037183701,79.5,11.36,56.97,14.2
6037183702,77.8,1.12,44.78,4.1
6037183810,81.2,6.88,54.02,21
6037183820,90.2,8.24,36.69,8.6
6037185101,61.6,5.44,46.03,2.9
6037185102,40.8,1.60,73.53,8.7
6037185202,56.6,5.24,55.09,6.8
6037185203,86.1,9.61,44.11,13.2
6037185204,62.8,3.88,35.94,15.1
6037185310,91,10.65,43.39,20
6037185320,90.7,10.88,47.97,23.2
6037186100,63.9,0.76,46.25,4.9
6037186201,74.5,1.96,53.18,11.5
6037186202,77,7.51,51.16,14.1
6037186203,49.1,0.00,40.23,8.7
6037186301,81.2,7.92,65.05,19.9
6037186302,60.3,1.17,51.2,6.5
6037186401,95.2,8.78,50.98,22.1
6037186403,85.5,2.73,32.43,9
6037186404,77.8,6.33,56.9,25.7
6037187101,66.2,3.47,57.59,5.9
6037187102,83.3,1.09,63.59,20.4
6037187200,74.1,1.72,57.75,8.9
6037187300,46.2,0.35,49.67,7.7
6037188100,57.5,1.42,53.67,14.9
6037188201,37.3,1.13,49.92,12.8
6037188202,49.5,1.95,60.34,6.5
6037188300,59.6,8.59,27.59,5.4
6037189101,29.7,6.53,46.9,7.7
6037189102,30.8,4.01,43.58,7
6037189201,36.4,10.77,44.34,16.8
6037189202,29.4,1.82,36.61,5.5
6037189300,34.1,0.97,39.02,12.9
6037189400,26.8,1.93,52.52,9.8
6037189501,23.6,3.47,49.3,11.5
6037189502,41.5,15.47,60.66,21.8
6037189600,33.3,4.64,53.27,9.2
6037189702,28.3,1.49,54.92,8.6
6037189703,49.4,0.97,68.62,7.4
6037189704,36.8,7.19,54.51,13.7
6037189801,28.2,0.00,49.21,5.9
6037189802,39.5,1.14,42.58,14.3
6037189903,29.6,0.66,55.59,6.8
6037189904,43.5,9.10,67.15,22.1
6037189905,40.6,1.73,56.31,14.4
6037189906,45.1,7.85,53.66,12.4
6037189907,45.4,2.02,45.88,6.9
6037190101,51.1,17.51,60.5,31
6037190102,49.4,2.50,52.7,13
6037190201,73.6,20.47,57.56,13.3
6037190202,58.2,9.82,58.85,23.6
6037190302,49.3,2.55,49.32,14.1
6037190303,39.5,19.12,53.4,23
6037190401,47.3,11.83,54.69,10
6037190402,46.2,20.61,47.47,17
6037190510,67.7,19.66,59.01,31.3
6037190520,64,12.17,52.73,22
6037190701,60.6,17.81,42.42,28.5
6037190702,52.3,7.84,60,9.9
6037190801,66.8,9.24,49.72,27.7
6037190802,65.9,4.47,53.84,20.6
6037190901,81.3,27.44,50.29,29.9
6037190902,76.8,19.16,46.24,16.4
6037191000,63.2,7.64,56.28,12.7
6037191110,44.2,17.42,58.54,41.8
6037191120,72,19.69,63.21,16.9
6037191201,49.2,4.61,60.85,25.6
6037191203,75.6,29.29,56.98,34.8
6037191204,75.1,16.28,41.4,20
6037191301,73.7,11.97,47.38,19.6
6037191302,66.7,12.78,47.13,12.3
6037191410,83.9,30.93,53.25,27.5
6037191420,82.3,13.64,64.53,12.4
6037191500,79.4,14.52,46.55,21.8
6037191610,79.7,19.11,70.77,21.4
6037191620,81.2,19.53,56.15,24.9
6037191710,82.9,15.23,66.37,30.2
6037191720,90.6,28.94,52.22,15.6
6037191810,77.1,11.37,61.23,10.4
6037191820,48,4.89,56.12,13
6037191901,50.4,9.65,50.08,19.7
6037191902,32.3,1.76,64.97,13.2
6037192001,35.4,2.69,56.92,18.3
6037192002,22.1,1.85,43.73,8.8
6037192300,43.3,2.92,66.01,12.2
6037192410,46.3,4.48,39.74,6.4
6037192420,85.5,9.99,59.05,16.2
6037192510,95.5,20.02,62.94,19
6037192520,91.2,10.72,60.38,21.4
6037192610,84,15.78,69.55,26
6037192620,92.8,23.87,57.08,27.3
6037192700,75.8,16.89,54.79,18.9
6037194101,35.5,5.34,63.61,8.4
6037194102,32.9,0.00,60.91,9.6
6037194200,18.7,1.36,70.24,2.1
6037194300,20.2,0.00,61.63,7.8
6037194401,40.5,1.38,45.66,9.7
6037194402,25.1,1.11,53.86,10.6
6037194500,21.6,0.00,57.5,6.6
6037195100,39.5,2.07,55.59,5.4
6037195201,32.6,2.69,29.24,9.9
6037195202,33.3,4.22,46.98,6.6
6037195300,44.6,8.34,45.76,14.4
6037195400,36.2,4.42,47.01,8.4
6037195500,51.4,4.56,35.48,6.6
6037195600,68.7,15.94,45.38,23.3
6037195710,77.3,14.37,70.65,30.9
6037195720,61.8,8.14,49.64,12.5
6037195802,78.6,10.76,49.52,15
6037195803,55,6.33,48.97,12.6
6037195804,75.9,8.80,24.3,10.5
6037195901,54.3,5.79,48.36,15.2
6037195902,38.5,1.50,35.16,4.5
6037195903,65.4,6.14,50.71,12.2
6037197200,90.8,5.42,34.98,4.4
6037197300,52.9,3.99,43.35,5.7
6037197410,54.4,1.65,44.27,6.3
6037197420,57.7,8.10,50.66,9.2
6037197500,65.2,14.97,43.36,16.8
6037197600,64.6,7.62,50.85,29.5
6037197700,78.6,4.41,69.13,16.8
6037199001,99.1,14.79,62.24,24.4
6037199002,80.6,7.79,68.26,13.9
6037199110,92.7,7.80,33.77,15
6037199120,91.7,2.84,60.02,33.6
6037199201,96.6,10.79,48.18,23
6037199202,76.3,6.84,45.48,15
6037199300,78.9,11.99,50,11.9
6037199400,93.3,8.74,54.08,30.5
6037199700,89.3,10.55,62.33,18
6037199801,99,19.04,65.32,17.4
6037199802,95.5,10.50,53.77,13.1
6037199900,97.9,15.39,56.03,21.1
6037201110,85.8,1.78,53.31,8.9
6037201120,88.1,5.45,37.28,13.6
6037201200,90.3,5.85,41.39,11.9
6037201301,87.6,5.76,29.29,15.6
6037201302,80.1,3.25,26.36,6.9
6037201401,90.5,3.68,67.83,28.4
6037201402,92.5,2.54,47.98,13.9
6037201501,91.6,3.89,57.03,13.1
6037201503,92.5,4.27,40.86,8.5
6037201504,92.1,4.03,53.2,13.5
6037201601,93.8,4.06,54.01,18.5
6037201602,92.2,4.34,38.57,10
6037201700,85.7,8.57,44.47,10.8
6037203100,98.4,5.64,48.05,19.2
6037203200,96.9,9.66,50.82,27.9
6037203300,87.9,12.24,61.36,36.8
6037203500,93.7,5.62,53.26,26
6037203601,99.6,4.03,67.32,27
6037203602,96.5,4.35,50.76,24.4
6037203710,98.2,4.90,46.32,21.7
6037203720,98.2,9.56,65.83,24.7
6037203800,98.2,5.81,53.68,21.4
6037203900,95.5,4.68,30,20.3
6037204110,98.1,4.40,68.1,30.1
6037204120,98.7,6.11,44.63,7.3
6037204200,98.7,8.84,55.22,31.2
6037204300,98.2,8.00,50,23.2
6037204410,97.2,10.84,57.35,26.7
6037204420,98,22.26,45.38,32.2
6037204600,96.2,6.38,63.04,20.3
6037204700,95.6,8.12,51.6,23.4
6037204810,99.1,11.20,62.32,17
6037204820,97.9,14.47,69.1,13.4
6037204910,95.5,4.74,50.75,26
6037204920,97.2,4.12,44.06,15.1
6037205110,99.6,17.27,60.62,24.2
6037205120,99.6,8.27,67.33,36
6037206010,85.7,7.53,59.11,25.6
6037206020,83.1,9.25,34.69,13
6037206050,94,20.25,42.78,18.7
6037206051,45.5,0.00,46.81,4.4
6037206052,73.3,3.06,48.56,12.9
6037206053,93.4,12.07,53.24,27.5
6037206054,99.8,7.55,44.07,40.9
6037206201,77.7,14.46,43.76,23.6
6037206202,87.9,22.32,60.47,42.2
6037206301,70.8,37.54,37.89,74
6037206302,80.1,33.76,41.67,67.5
6037206303,77.7,52.98,36.83,74.3
6037207101,83.3,7.47,58.37,26.4
6037207102,89.8,9.54,48.57,23.5
6037207103,89,8.40,56.05,25.8
6037207303,64,11.14,53.24,23
6037207304,90,22.56,48.05,43.8
6037207305,49.6,7.80,55.22,10
6037207306,61.8,8.37,50.89,20.7
6037207307,74.1,10.98,56.47,44.8
6037207308,48.8,6.70,50,9.1
6037207400,75.4,7.25,62.47,28.4
6037207501,76.1,4.21,37.65,11
6037207502,73.5,14.04,54.47,40.5
6037207711,64.4,4.15,40.62,7.7
6037207712,80.1,10.44,60.95,24.3
6037207901,76.7,6.79,39.32,30.8
6037207902,71.5,4.27,50.87,21
6037208001,85.9,16.08,50.59,17.8
6037208002,90.7,13.43,58.45,30.7
6037208301,95.8,34.09,52.7,38.8
6037208302,90.8,18.12,46.92,25.5
6037208401,96.3,29.57,54.08,20.8
6037208402,88.8,15.00,47.25,16.9
6037208501,89.3,6.96,44.24,17.2
6037208502,94.4,29.30,65.26,20.7
6037208610,92.5,13.22,45.62,15.7
6037208620,93.8,8.63,52.9,16.2
6037208710,93.8,17.94,50.39,15.5
6037208720,91.3,38.96,65.2,31.4
6037208801,87.5,29.36,54.83,23.8
6037208802,92.1,17.46,67.83,31.2
6037208902,98.9,43.57,60.09,44.5
6037208903,96.7,60.65,51.71,45.4
6037208904,98.3,46.45,68.22,57.2
6037209103,98.6,40.60,66.64,46.4
6037209104,94,37.58,56.59,33.4
6037209105,100,42.80,67.23,49.3
6037209106,85.1,10.44,63.62,30.6
6037209201,81.4,8.19,67.89,24.2
6037209202,91.5,17.49,79.81,42.6
6037209300,93,28.37,67.3,48.2
6037209401,95,54.51,56.56,21.6
6037209402,96.5,44.85,51.24,29.1
6037209403,96.4,39.92,71.17,25.2
6037209510,95.2,20.54,68.24,27.1
6037209520,96.8,30.52,51.6,31.3
6037209810,92.7,23.78,60.3,35.8
6037209820,94.7,24.46,46.86,17.1
6037210010,95.8,31.56,53.36,36.8
6037211000,51.4,1.09,56.96,8.7
6037211121,87.5,7.01,61.86,21.9
6037211122,83,19.86,65.79,28.1
6037211123,85.6,15.15,51.05,18.4
6037211124,94.2,14.12,50.66,13.6
6037211201,90.4,16.14,53.57,29.2
6037211202,87.8,23.72,49.51,19.3
6037211310,87.1,25.99,65.3,27.1
6037211320,94,27.78,53.63,21.5
6037211410,91.7,13.12,70.77,10.4
6037211420,87.6,15.15,65.25,18.3
6037211500,60,1.93,59.16,4.6
6037211701,71.4,2.46,54.17,11.7
6037211703,93.4,23.50,60.56,13.1
6037211704,85.4,11.88,52.43,17.3
6037211802,86.2,22.58,64.29,21.3
6037211803,95,11.34,56.24,16.2
6037211804,84.8,10.90,55.13,31.6
6037211910,92.5,26.00,57.79,16.3
6037211921,96.1,19.03,61.79,24.2
6037211922,93.8,17.48,61.65,15.1
6037212101,84.2,15.73,57.53,22.2
6037212102,93.6,28.38,61.51,30.2
6037212202,99,32.70,59.62,26.3
6037212203,91.9,28.51,63.44,36.3
6037212204,95.2,20.19,58.27,31.8
6037212303,93.2,23.26,61.01,40.2
6037212304,84.6,29.00,60.05,24.8
6037212305,96.7,26.18,55.89,28.9
6037212306,90.8,11.86,69.97,29.9
6037212410,92.6,29.72,60.06,20.6
6037212420,91,37.00,66.09,23.1
6037212501,79.4,15.70,54.49,20.8
6037212502,83.6,21.63,58.65,15.8
6037212610,89,9.92,49.63,14.1
6037212620,90.7,13.59,59.88,28
6037212701,87.5,8.73,61.84,12
6037212702,78,6.71,61.84,8.1
6037212800,86.7,6.95,61.88,6.7
6037212900,88.8,13.21,51.28,14.7
6037213100,92.3,8.98,62.79,20.2
6037213201,96.6,16.72,65.41,24.2
6037213202,96.9,20.17,46.31,15.3
6037213310,96.6,13.73,44.63,24
6037213320,92.7,15.69,52.83,30.4
6037213401,98.4,25.17,54.45,20.2
6037213402,95.1,24.32,65.47,27.3
6037214000,17.9,1.27,55.8,11.7
6037214100,20.4,0.47,56.33,6.6
6037214400,35.8,2.71,43.77,8.9
6037214501,67.2,0.78,66.5,8.7
6037214503,53.2,2.07,60.77,18.9
6037214504,69.4,3.43,50.92,18.1
6037214505,46.2,0.00,67.79,10
6037214600,30.1,0.87,46.9,9.5
6037214700,30.3,0.00,57.58,9.5
6037214800,33.2,0.41,52.64,17.7
6037214902,26.9,0.00,53.04,12.1
6037214903,25.1,5.62,67.68,24.9
6037214904,17,0.00,48.86,2.3
6037215101,44.7,2.39,53.17,13.4
6037215102,47.9,4.36,46.1,11.9
6037216100,55.4,0.73,51.32,11.3
6037216201,58,2.36,60.33,18
6037216202,56.1,1.40,45.45,11.5
6037216301,23.3,0.00,67.62,10.5
6037216302,50.3,0.71,47.5,12.3
6037216401,34.9,3.14,52.79,9.5
6037216402,32.7,0.00,56.88,8.8
6037216700,62.7,2.71,46.15,8.9
6037216800,46.3,4.79,48.73,5.4
6037216901,64.1,4.45,43.95,9.7
6037216902,62.2,0.00,44.81,25.5
6037217001,23.4,0.00,48.12,5.1
6037217002,39.8,1.63,55.07,8.6
6037217101,84.7,13.21,37.68,17.8
6037217102,66.2,9.93,49.09,19.6
6037217200,76.1,14.06,51.93,17.3
6037218110,87.1,15.05,63.17,21.3
6037218120,94.9,16.79,41.99,28.2
6037218210,87,15.49,58.18,21.2
6037218220,84.3,13.66,55.91,10.8
6037218300,76.1,7.71,47.05,20.7
6037218400,85.4,7.40,55.71,11.9
6037218500,88.3,11.10,57.5,17.8
6037218600,85.4,3.46,53.77,11.2
6037218701,92.8,14.73,68.22,19.7
6037218702,90.8,20.66,53.21,12.6
6037218800,91.7,8.49,73.57,23.8
6037218900,92.7,3.48,50,17.5
6037219010,88.1,6.75,61.62,11.2
6037219020,91.1,8.82,66.32,29.3
6037219300,89.5,5.46,52.57,17.8
6037219500,88.4,9.23,38.36,6.7
6037219700,91.6,6.67,52.83,17.7
6037219800,91.2,10.16,33.43,10.6
6037219901,91,14.43,59.24,12.5
6037219902,83.1,13.95,53.06,16.2
6037220000,89.1,7.56,67.07,25.3
6037220100,93.3,0.92,42.01,14.7
6037221110,95.2,39.20,49.79,19.5
6037221120,99.4,17.11,60.7,29.4
6037221210,92.1,10.49,45.98,14
6037221220,95.8,18.76,58.31,22.9
6037221302,93.6,24.76,68.66,30.9
6037221303,91.8,31.63,50.16,33.5
6037221304,96.6,13.15,56.56,12.4
6037221401,88.6,17.12,68.07,17.1
6037221402,90.8,5.33,53.48,22.1
6037221500,86.7,10.92,55.71,33.5
6037221601,94,14.17,51.46,24.4
6037221602,96.1,19.03,58.8,18.4
6037221710,90.3,14.71,59.84,34.1
6037221810,88.6,15.52,64.18,41.1
6037221820,64.5,6.79,68.17,51.7
6037221900,72.2,5.89,71.89,59.1
6037222001,90.6,6.44,50,18.4
6037222002,93.7,18.78,60.26,18.9
6037222100,92,15.92,61.46,14.5
6037222200,91.4,5.80,56.29,16
6037222500,97.9,10.39,45.26,12.8
6037222600,89,5.82,50.33,39.2
6037222700,65.2,6.19,66.67,61.9
6037224010,88.4,6.09,55.39,30.9
6037224020,95.3,22.82,68.52,37.6
6037224200,95.7,20.93,56.43,20.9
6037224310,86.1,18.44,39.45,22.2
6037224320,100,19.08,58.81,37.7
6037224410,75.8,24.50,70.86,42.9
6037224420,93.6,23.16,64.78,35.9
6037224600,95.4,19.32,61.75,24.8
6037224701,68.6,6.93,57.29,42.9
6037224702,59.8,3.41,63.37,77.8
6037226001,97.7,16.99,79.69,34.4
6037226002,76,9.72,52.3,29.5
6037226410,100,20.86,56.95,33
6037226420,99.6,18.03,72.61,25.9
6037226701,100,9.62,57.62,31.8
6037226702,99.5,16.10,35.88,28.1
6037227010,98.5,12.99,55.66,33.2
6037227020,99.7,12.83,64.33,16.8
6037228100,93.6,11.23,66.56,33.6
6037228210,99.9,13.07,79.42,21
6037228220,98.6,12.35,66.49,28.2
6037228310,99.6,18.84,63.89,30.9
6037228320,99.5,11.06,58.93,30.7
6037228410,99.5,19.78,61.08,20.8
6037228420,100,12.76,55.53,22.5
6037228500,99.4,20.60,68.19,43.9
6037228600,100,8.64,68.14,24.9
6037228710,98.9,10.51,63.73,20.6
6037228720,99.7,10.27,58.63,27
6037228800,99.8,9.03,76.64,24.7
6037228900,99.9,13.19,54.43,30.7
6037229100,99,16.36,68.55,25.7
6037229200,99.9,7.95,73.46,22.1
6037229300,95.6,18.55,59.13,25.1
6037229410,99.5,6.47,75.26,22.6
6037229420,99.8,9.63,60.52,26.6
6037231100,91.2,18.08,56.78,38.6
6037231210,96.9,16.66,56.99,32.1
6037231220,97.7,8.35,62.7,25.9
6037231301,97.7,6.33,70.97,22.4
6037231302,91.9,6.93,63.91,12.2
6037231400,95.6,13.73,61.77,25.6
6037231500,97.6,12.18,51.77,17.6
6037231601,97.4,10.66,51.11,17.1
6037231602,95.2,2.92,50.84,15.2
6037231603,99.4,13.66,47.76,32.9
6037231710,99.1,16.36,59.15,29.9
6037231720,97.9,19.11,59.27,33.6
6037231800,99.6,16.19,57.22,23.8
6037231901,100,11.85,46.36,12.6
6037231902,98.8,15.54,67.11,44.8
6037232110,99.5,16.47,58.94,24.9
6037232120,99.2,3.83,57.74,24.2
6037232200,98.3,5.19,38.13,16.9
6037232300,97,8.03,37.9,17
6037232401,94.5,5.18,74.91,14.8
6037232402,94.4,10.75,45.35,28.5
6037232500,98,5.40,66.18,16.1
6037232601,100,9.31,48.86,16.7
6037232602,98.9,10.36,53.7,20.6
6037232701,99.4,4.44,62.84,20.3
6037232702,96.1,15.36,62.34,23.2
6037232800,99.2,6.41,58.35,23.2
6037234001,90.9,9.13,29.24,4.8
6037234002,95.8,11.59,65.1,16.2
6037234200,94.3,15.63,50.23,11.2
6037234301,94.3,6.55,82.58,13
6037234302,99.6,6.53,67.79,19.2
6037234501,93.6,1.90,50.78,7.7
6037234502,95.9,6.16,62.3,29.6
6037234600,97,3.13,81.45,15.1
6037234700,96.8,2.42,60.99,20.3
6037234800,95.5,5.74,45.14,7.6
6037234901,98.2,20.38,41.55,27
6037234902,94,21.97,75.73,24.2
6037235100,90.1,2.22,59.04,10.6
6037235201,96.2,1.71,82.37,18.1
6037235202,94.3,17.58,68.55,26.8
6037236001,68,3.79,42.24,6.5
6037236101,97.3,7.96,77.61,22.1
6037236102,95.6,8.16,58.07,28.7
6037236203,96.1,13.04,78.14,31.8
6037236204,98,15.72,64.41,14.3
6037236205,97.9,10.97,60.76,33.3
6037236206,99,6.60,45.8,15.3
6037236400,91.7,10.53,46.77,7.2
6037237101,99,12.81,56.14,15.4
6037237102,99.2,5.21,53.49,29.5
6037237201,97.8,8.86,47.47,26.7
6037237202,97.6,7.71,90.52,30.7
6037237300,97.7,2.27,61.57,13.4
6037237401,98.5,9.81,65.1,31.5
6037237402,96.5,10.71,46.01,3.2
6037237500,98,13.35,70.32,34
6037237600,99.8,11.35,53.98,24
6037237710,98.7,8.38,66.12,35.9
6037237720,100,3.07,60.18,23.8
6037237800,97.9,6.76,86.94,25.6
6037237900,94.2,3.77,49.55,17.4
6037238000,97.1,0.63,78.01,13.6
6037238100,96.5,2.27,54.74,17.6
6037238200,97.8,8.79,56.64,19.4
6037238310,98.8,11.63,63.69,29.3
6037238320,97.8,20.81,54.07,38.4
6037238400,98.4,0.82,60.93,13.6
6037239201,99.3,10.25,61.36,25.3
6037239202,99.1,17.63,43.49,15.6
6037239310,99.9,12.72,46.33,23.5
6037239320,100,9.81,53.47,21.4
6037239330,100,10.77,52.91,28.8
6037239501,98.9,10.68,58.94,22.6
6037239502,99.7,8.93,68.43,17.5
6037239601,99.4,14.79,49.15,20.6
6037239602,99.7,6.95,63.35,35.4
6037239701,99.8,13.96,62.7,33.6
6037239702,98.9,9.82,60.37,28.2
6037239801,99.4,10.89,61.65,24.6
6037239802,98.2,5.10,65.33,21.8
6037240010,99.7,9.29,66.98,34.3
6037240020,99.9,12.89,78.09,23.8
6037240200,99.3,11.57,66.7,33.7
6037240301,96,13.04,49.51,27
6037240302,99.7,3.72,74.49,28.3
6037240401,99,16.42,72.04,27
6037240402,97.2,4.43,56.01,27
6037240500,99.3,15.61,59.41,32.2
6037240600,99.9,7.27,53.46,19
6037240700,99.6,5.74,70.92,18.8
6037240800,99.9,17.47,64.57,25
6037240901,100,4.13,67.33,28.8
6037240902,99.7,6.67,63.48,34.6
6037241001,99.2,6.42,49.22,20.8
6037241002,99.1,4.44,66.98,25.3
6037241110,99.2,7.38,68.01,14.6
6037241120,98,17.04,74.61,35.6
6037241201,99.2,6.73,80.36,20.1
6037241202,97.1,8.05,76.13,27
6037241300,98,9.05,72.63,23.8
6037241400,98.5,9.42,58.49,13.3
6037242000,98.5,1.14,66.15,21.9
6037242100,100,9.77,43.15,42.4
6037242201,100,4.20,56.47,19.9
6037242202,99.6,23.19,60.56,27.7
6037242300,99.6,10.49,54.53,26.4
6037242600,99.9,16.05,55.66,52.2
6037242700,98.1,9.34,61.39,18.4
6037243001,100,8.31,80.59,18.5
6037243002,99.1,5.32,39.89,5.3
6037243100,98.1,3.15,71.87,41.7
6037261102,16.8,0.00,48.06,5.7
6037261103,20.5,0.87,44.54,5.7
6037261104,19.3,0.00,45.56,8.1
6037261200,29.4,0.00,46.35,7.4
6037262100,21.4,0.00,33.59,3.6
6037262200,30,1.61,48.88,5.7
6037262301,31.6,0.00,47.73,5.6
6037262302,16.7,0.00,24.59,8.2
6037262303,10.8,0.00,0,3.4
6037262400,19.9,0.00,71.32,2.4
6037262501,10.4,0.00,49.22,2.7
6037262601,21.7,0.00,1.22,5.3
6037262604,22.1,0.00,43.84,8.5
6037262704,24.5,0.00,46.73,3.7
6037262706,13.8,0.00,47.31,3
6037262802,17.2,3.52,57.35,7.2
6037264000,15.5,0.00,53.88,4.8
6037264102,32.5,0.00,31.75,8.1
6037264103,27.1,4.19,35.15,5.4
6037264303,26.6,2.91,39.07,5
6037264304,26.9,5.87,41.85,3.3
6037264305,30.3,2.02,40.53,7.8
6037264306,26.9,0.00,52.21,4.4
6037265100,19,0.00,73.7,12
6037265201,33.6,3.34,69.35,10
6037265203,32.4,2.49,62.41,14.4
6037265204,46,0.00,55.22,35
6037265301,72.5,4.38,-1,-1
6037265303,70.5,2.08,78.83,62.4
6037265304,64.5,4.31,87.15,73.7
6037265306,66.8,0.00,70,64.1
6037265307,62.4,5.38,73.7,40.8
6037265410,17.8,4.52,52.94,4.7
6037265420,28.5,1.05,52.94,6.4
6037265521,47.6,2.47,52.88,15.9
6037265522,60.2,4.55,64.67,15.2
6037265523,45.9,1.31,72.34,5.9
6037265524,36.2,1.91,55.62,4.4
6037265601,26.2,0.00,54.09,11.5
6037265602,21.6,0.00,59.83,16.8
6037265701,37.2,1.01,38.4,5.8
6037265702,14.3,0.99,81.45,10.9
6037267101,35.5,0.74,55.57,5.6
6037267102,39.9,0.94,51.59,12.2
6037267201,44.3,3.59,52.99,5.4
6037267202,34.4,5.95,54.33,11.6
6037267300,63.5,7.19,36.73,14.1
6037267403,38.8,6.66,48.27,14.6
6037267404,48.7,4.77,65.56,22
6037267405,37.1,6.48,44.77,10.9
6037267406,40.9,3.30,50.55,7.4
6037267502,44.7,9.48,52.72,9.8
6037267503,42.6,8.22,45.81,17.1
6037267504,58.9,6.20,53.15,8.8
6037267600,58.7,5.62,48.28,11.1
6037267700,56.6,1.01,47.62,7.9
6037267800,43.7,4.10,55.49,4.9
6037267901,39.7,1.12,42.59,10.6
6037267902,34.6,0.58,40.56,6.7
6037269000,40,2.71,35.1,2.2
6037269100,27.8,3.67,58.67,13
6037269300,23.1,3.51,54.73,3.4
6037269500,21.8,0.78,0,0.5
6037269601,88.1,6.66,63.92,9.6
6037269602,58.1,8.12,51.68,22
6037269700,46.3,3.89,34.55,7.7
6037269800,58.3,4.29,41.76,10
6037269903,66.8,3.40,49.46,17.6
6037269905,49.3,6.24,45.02,7.9
6037269906,57.9,7.51,33.27,3.4
6037269907,60.4,11.17,40.67,11
6037269908,70.1,9.97,40.68,5.1
6037269909,61.3,5.62,42.06,5
6037270101,43.5,4.38,48.65,6.8
6037270102,64.8,1.38,41.26,10.4
6037270200,72.6,4.46,61.27,13.3
6037270300,74.9,1.21,46.41,8.3
6037271100,51.6,3.44,63.81,9
6037271200,65.5,3.89,45.07,6.1
6037271300,55.1,2.16,61.52,10.1
6037271400,29.1,0.72,52.8,0.6
6037271500,37.9,0.31,55.58,11
6037271600,61,5.71,39.16,11.9
6037271702,68.1,4.28,49.27,12
6037271703,49.6,6.91,35.68,6.6
6037271704,48.2,3.08,29.29,6.3
6037271801,65.4,10.68,63.37,16.3
6037271803,62.2,14.36,50.85,11.9
6037271804,40.1,7.78,56.88,4.8
6037271901,59.9,2.17,39.35,6
6037271902,48.6,3.03,45.17,8.3
6037272100,41.4,2.54,53.36,3
6037272201,40,9.16,47.97,8.8
6037272202,51,1.99,46.54,7.6
6037272301,43.7,0.57,42.79,6.5
6037272302,59.4,7.35,44.65,9.4
6037273100,34.1,1.91,40.3,9.7
6037273200,42.4,0.67,38.74,8.6
6037273300,36.7,6.35,57.49,16.1
6037273403,30.4,5.14,50.56,21.5
6037273404,17.9,0.00,72.22,9.1
6037273502,23.9,3.69,39.18,8.1
6037273600,24.6,0.00,59.22,3.9
6037273700,31.7,1.62,47.85,4.3
6037273800,38.1,4.25,55.9,9.8
6037273902,33.9,0.98,50.88,15.9
6037274100,42.9,0.00,70.76,9.5
6037274202,35.8,1.22,47.88,9.5
6037275101,44.1,1.86,43.06,3.3
6037275102,82.2,1.37,50.06,20
6037275200,70.7,1.83,36.34,5.4
6037275311,53.9,1.03,53.74,8.8
6037275312,22.7,0.00,50.08,2.4
6037275313,44.9,0.00,50.87,16.7
6037275400,38.2,0.79,46.11,10.9
6037275500,82.6,4.61,49.43,21.9
6037275603,59.3,2.73,50.29,5.7
6037275604,43.1,0.00,49.43,6.1
6037275605,62.4,0.00,46.26,15.3
6037276000,43.8,0.00,38.67,5
6037276101,70,0.67,51.51,8.3
6037276102,83.1,1.94,57.24,12.8
6037276400,36.9,0.95,31.61,6.8
6037276500,50,0.26,67.02,19.5
6037276601,35.6,0.55,47.47,6.1
6037276605,23.6,1.11,45.41,4.1
6037276606,51.1,1.52,50.85,3.3
6037276607,49.3,0.77,60.52,20.1
6037276608,44.5,0.00,60.36,12.8
6037277000,42.8,0.52,64.46,7
6037277100,50.3,1.99,40.78,4.7
6037277200,74.8,1.83,77.98,12.3
6037277400,-1,-1.00,-1,-1
6037278001,57.9,0.80,50.94,14.6
6037278102,28.4,0.85,29.32,4.6
6037291110,99.2,8.82,43.76,23.6
6037291120,98.4,3.48,52.04,10
6037291130,96.1,1.48,32.51,8.5
6037291210,91.2,0.47,48.34,11.7
6037291220,94.1,2.84,52.8,20.4
6037291300,90.7,6.35,33.05,6.7
6037292001,95.2,3.45,66.85,32.9
6037292002,77.2,0.00,55.38,10.8
6037293203,88.2,0.00,70.23,14.2
6037293204,90.8,0.57,34.3,6.5
6037293205,93.4,3.03,70.36,12.2
6037293206,90.8,0.00,63.83,23.3
6037293301,73.5,0.45,55.97,3.3
6037293302,83.7,2.15,60.22,8.8
6037293304,83.8,4.71,58.98,14.5
6037293306,66.1,1.10,38.26,4.5
6037293307,86.3,1.42,59.62,14.8
6037294110,90.9,0.00,57.02,16.4
6037294120,99.6,2.43,54.87,19.5
6037294200,94.2,1.06,63.53,15.5
6037294301,94.2,0.85,76.67,2.5
6037294302,96.3,3.64,62.18,11.2
6037294410,89.8,1.59,49.3,20.2
6037294421,90.9,2.40,55.52,18
6037294510,96.6,3.49,59.83,23.9
6037294520,97.2,3.18,61.84,17.6
6037294610,97.9,2.15,46.62,14.5
6037294620,99.2,1.17,36.57,4.7
6037294701,94.4,6.07,73.52,32.3
6037294810,98.5,2.40,62.07,20.2
6037294820,98.5,2.74,69.71,45.5
6037294830,95.3,4.71,53.16,18.8
6037294900,97.8,6.14,58.16,32.2
6037295103,50.7,0.51,59.29,3.6
6037296210,92.1,3.35,61.17,18.4
6037296220,88.1,7.72,53.8,24
6037296300,68,0.00,55.83,6.7
6037296401,51,0.00,51.03,12.2
6037296402,60.4,0.00,48.25,2.4
6037296500,86.2,7.30,51.05,13
6037296600,85.8,10.35,61.64,25.6
6037296901,82.2,1.73,50.37,16.1
6037296902,77.4,7.18,61.39,17.8
6037297001,44.9,4.34,61.96,10.6
6037297002,57.1,2.24,32.1,8.9
6037297110,78.7,6.95,64.44,33.6
6037297120,82.5,5.21,63.8,19.9
6037297201,74.3,7.79,57.19,14.6
6037297202,58.8,3.48,39.37,10.7
6037297300,47.9,1.74,54.48,4
6037297400,41.5,1.80,32.86,8.8
6037297501,50.8,0.00,34.22,5.1
6037297502,51.8,2.78,57.92,8.9
6037297601,61.1,1.00,58.94,2.2
6037297602,59,0.00,44.66,12.8
6037300100,45,0.00,26.91,4.7
6037300200,53.2,0.56,49.39,2.6
6037300301,35.1,0.00,57.47,3.6
6037300400,58.7,0.00,55.79,1
6037300501,62.8,0.99,80.58,4.4
6037300503,57.6,0.00,62.85,12
6037300601,44.4,1.46,71.1,16.8
6037300602,37.5,0.00,60.8,6.1
6037300701,28.1,0.00,68.77,12.4
6037300702,20.4,0.00,48.37,3.1
6037300800,40.8,0.49,58.17,3.4
6037300901,32,0.00,70.83,2.8
6037300902,32.9,0.00,48.21,3.6
6037301000,38.6,0.34,49.66,6.1
6037301100,23.1,1.18,76.74,5.4
6037301203,30,0.48,52.81,16.3
6037301204,32.5,8.07,62.03,14.7
6037301205,21,2.62,87.76,3.9
6037301206,28.5,1.18,52.05,9.4
6037301300,18.2,0.00,0,3.6
6037301400,25.8,0.31,37.68,3.2
6037301501,24.9,0.00,52.69,4.1
6037301502,19.6,5.57,64.75,20.3
6037301601,27.3,1.48,65.41,22.4
6037301602,63.6,1.42,60.58,10.9
6037301701,39.2,2.06,45.53,18
6037301702,48,0.24,55.28,17.1
6037301801,36.5,2.72,67.97,23.5
6037301802,45.6,2.26,56.57,18.5
6037301901,19.6,0.00,41.19,12.6
6037301902,21.6,0.00,65.18,21.9
6037302002,42,3.23,64.31,27.3
6037302003,26.5,0.44,48.88,18.9
6037302004,37,4.64,60.94,19
6037302102,41.8,1.88,40.55,8.7
6037302103,38.2,0.00,55.65,19.7
6037302104,59.4,4.25,58.66,10
6037302201,30,5.93,64.11,20.4
6037302202,36.9,10.14,68.35,30.5
6037302301,52.1,1.27,55.56,16.6
6037302302,64.1,5.41,63.17,20
6037302401,60,2.50,54.51,11.3
6037302503,41.3,1.77,64.9,19
6037302504,45.8,9.43,68.95,23.1
6037302505,40.5,2.82,59.17,16.4
6037302506,42.6,1.24,71.46,18.7
6037310100,32.3,3.16,76.92,5.2
6037310201,38.6,0.67,68.33,5
6037310202,31.4,1.79,64.31,13.7
6037310300,32.1,1.65,54.69,4.5
6037310400,44.9,0.00,55.07,12.7
6037310501,71.9,6.38,46.43,15.8
6037310601,56.6,1.75,61.37,17.8
6037310602,29.3,1.64,61.7,7.9
6037310701,37.7,0.00,47.62,34.6
6037310703,30.7,0.53,65.79,12.7
6037310704,41.5,0.00,70.74,19.7
6037310705,53.2,10.28,65,17.6
6037310800,42.9,0.47,71.2,13.4
6037310900,54.3,0.95,55.87,5.8
6037311000,53.7,2.82,43.89,9.9
6037311100,47.8,0.70,28.76,11.4
6037311200,38.4,0.00,55.72,5.1
6037311300,48.1,0.00,50.52,5.8
6037311400,30.9,2.95,27.33,3.9
6037311500,56.1,0.94,52.57,8.4
6037311601,64.4,0.00,39.73,6.5
6037311602,45.6,2.63,51.36,11.9
6037311700,43.6,0.00,46.51,8.1
6037311801,48.8,4.70,48.05,13.3
6037311802,62,1.15,42.7,5
6037320101,93.1,2.78,76.88,8.3
6037320102,97,0.53,61.32,12.9
6037320201,97.4,5.16,57.76,15
6037320202,93.1,2.41,75.07,7.4
6037320300,97,0.70,66.98,10.4
6037400205,55,2.60,71.88,1.1
6037400206,49.3,3.10,41.71,1.7
6037400207,49.8,0.00,58.6,2.5
6037400208,30.2,0.00,100,0
6037400209,51.8,1.39,30.32,4.3
6037400304,70.6,0.05,65.68,10.3
6037400402,53.4,2.58,51.17,4.3
6037400403,60.6,2.38,56.16,10.2
6037400404,33.2,5.22,7.62,1.5
6037400501,31.6,1.06,38.64,3.4
6037400602,86.6,5.32,42.4,11.5
6037400603,73.5,1.97,37.74,5.7
6037400605,76,2.90,54.31,10.1
6037400801,59.2,1.36,43.42,6.4
6037401001,46.1,2.78,80.83,3.4
6037401002,54.3,3.05,54.03,8.1
6037401101,67.9,1.50,54.48,7.8
6037401102,58.3,1.78,40.45,5.2
6037401201,64,4.74,35.09,6.8
6037401202,61.3,2.54,45.42,6.4
6037401203,66.6,2.79,71.18,13.7
6037401303,63.9,0.44,55.48,4
6037401304,69.9,0.00,54.35,6.6
6037401311,54.5,0.00,38.08,9.8
6037401312,63.9,2.34,74.92,4.6
6037401500,71.4,1.05,43.99,11.3
6037401601,49.1,0.00,40.99,9.1
6037401602,57.4,0.82,51.2,10.7
6037401705,61.8,0.74,73.68,8.6
6037401706,73.7,2.38,69.22,16.6
6037401707,83.2,1.54,60.4,14.8
6037401801,53.7,0.31,27.01,2.6
6037401802,55.6,1.77,42.11,4.7
6037401901,63.5,2.55,30.23,2.3
6037401902,34.5,2.00,54.69,5
6037402001,72.3,0.15,57.32,16.2
6037402002,54.5,0.59,71.72,8.8
6037402101,97.3,0.92,37.98,15.9
6037402102,92.1,2.18,47.6,9.9
6037402200,84.2,1.88,65.34,6
6037402301,88.7,6.79,51.12,18
6037402303,92,0.94,66.61,16.9
6037402304,96.7,6.22,54.93,22.4
6037402403,84.7,0.56,55.98,8.5
6037402404,62.2,0.00,0,0
6037402405,97.7,0.66,50.68,13.3
6037402406,93.3,0.94,42.57,16.3
6037402501,98.2,1.43,50.4,14.8
6037402503,97.4,5.65,55.74,16.6
6037402504,96.9,0.00,64.6,24
6037402601,81.1,2.69,53.59,19.1
6037402602,78.3,0.00,27.09,6.1
6037402702,96.1,5.05,55.25,33
6037402703,92.6,0.67,70.71,11.3
6037402705,89.7,0.00,37.71,7.9
6037402706,88.9,0.96,43.65,17.9
6037402801,96.9,1.53,55.16,13.5
6037402803,98.4,0.00,60.66,10.8
6037402804,97.9,0.00,63.59,15
6037402902,89,1.80,47.47,10.5
6037402903,97.8,0.00,46.56,15.1
6037402904,96.5,0.00,73.5,15.6
6037403000,93.4,2.08,51.09,7.8
6037403305,96.1,0.53,67.27,9.4
6037403316,82,0.00,64.09,10.1
6037403317,82,1.19,44.19,5.4
6037403318,81.3,0.97,37.73,6.7
6037403319,86.3,2.18,57.96,13
6037403320,87.3,3.82,30.22,8
6037403321,80.9,1.11,75.2,13.4
6037403323,93.3,0.00,75.6,5.5
6037403324,92.2,3.07,49.35,12.8
6037403325,85.5,0.42,57.77,8.9
6037403326,92.4,0.55,54.97,4.5
6037403327,77.7,1.33,28.07,1.5
6037403328,86.6,1.37,52.25,8.3
6037403401,92.1,0.88,50.15,11.2
6037403402,90.7,3.14,72.83,5.6
6037403403,93.6,2.23,28.82,13.1
6037403404,87.4,0.81,65.15,9.8
6037403407,88.7,1.15,58.18,6.1
6037403408,93.5,2.99,29.46,6.7
6037403409,86.3,4.31,54.14,5.2
6037403500,77.9,0.00,55.56,6.9
6037403601,79.7,1.39,28.06,8.7
6037403702,64,1.35,28,2.2
6037403703,63.9,1.56,51.88,6.4
6037403721,80.2,0.70,69.84,8.5
6037403722,87.9,2.31,68.97,13.5
6037403801,82.6,1.75,38.52,9.6
6037403802,74.3,2.13,58.94,15.6
6037403901,60.6,7.30,46.38,11.2
6037403902,71.3,0.96,50.43,12.4
6037404000,80,1.93,41.76,4.8
6037404100,91.5,0.31,72.13,9.7
6037404201,91,1.35,73.52,19.4
6037404203,82.9,3.78,52.98,11.3
6037404301,94.6,2.47,45.53,22.2
6037404302,85.6,3.42,59.38,2.8
6037404401,84.5,2.33,42.86,13.7
6037404402,94.4,2.32,42.36,6
6037404501,95.1,0.00,64.44,17.8
6037404503,94.3,1.97,47.26,6.6
6037404504,96.4,11.15,42.64,17.1
6037404600,94.5,1.89,52.63,6.3
6037404701,97.2,2.13,47.2,13.4
6037404702,97.6,4.16,37.13,14.7
6037404703,98.8,4.43,46.8,11.9
6037404804,93.7,1.68,53.14,16.1
6037404805,96.6,4.52,42.25,16.6
6037404806,96.3,1.73,64.89,12.5
6037404901,98,3.61,46.35,11.6
6037404902,97,4.14,47.42,9.9
6037404903,97.6,3.23,41.92,9.6
6037405001,97.5,3.30,72,12.8
6037405002,96.8,7.18,66.14,10.6
6037405101,97.2,3.01,58.74,21.2
6037405102,98.5,3.36,59.07,12.1
6037405201,97,0.66,58.97,8.5
6037405202,98,2.33,55.26,8.1
6037405203,90.8,0.46,63.89,22.1
6037405301,84.6,0.80,60.82,13
6037405302,88.9,2.43,49.43,8
6037405400,90.9,1.71,24.58,4.9
6037405500,90.3,2.28,54.39,12.5
6037405600,92.7,2.41,58.26,11.1
6037405701,88,2.58,58.56,14.1
6037405702,86.6,1.80,28.54,9.7
6037405800,87.7,1.43,44.17,6.7
6037405900,82.9,0.89,64.89,7.5
6037406000,84.4,0.67,43.56,6.5
6037406101,81,2.06,55.04,2.9
6037406103,80.5,2.78,47.15,10.7
6037406201,95.1,4.32,65.8,19
6037406300,81,0.61,48.17,6.4
6037406413,85.7,0.53,62.08,6.6
6037406500,94.6,3.86,68.36,11.5
6037406601,86.3,1.70,51.37,7
6037406602,90.1,0.87,37.6,11.8
6037406701,95,0.79,69.61,6.2
6037406702,81.8,1.37,61.56,8.8
6037406801,90.2,0.74,53.59,8.8
6037406903,97.5,0.48,75.18,16.9
6037407001,96.6,2.46,41.8,8.4
6037407002,97.2,2.37,43.59,7.3
6037407101,98.6,2.01,56.09,15.6
6037407102,98.7,1.23,59.86,7.3
6037407201,97.8,2.62,44.41,7.7
6037407202,95.4,0.00,37.5,14.3
6037407301,95.8,4.77,76.11,6.4
6037407302,97.4,2.34,70.89,15.7
6037407400,96.9,0.12,70.27,2.8
6037407501,97.1,1.88,60.74,9.7
6037407502,95,2.92,40.43,7
6037407601,97.9,0.91,45.05,7.6
6037407602,93.8,4.85,51.34,10.8
6037407701,98.7,6.48,53.26,12.2
6037407702,97.1,2.17,43.75,6.5
6037407801,87.2,1.47,18.75,9.3
6037407802,95.9,2.80,25.14,5.7
6037407901,91.1,1.29,66.36,5.1
6037407902,94.4,5.44,76.98,7.6
6037408003,96,1.19,22.43,10.3
6037408004,92.8,0.91,46.97,14.2
6037408005,87.6,1.44,24.25,5.7
6037408006,93.1,5.37,57.03,8.9
6037408133,96.2,3.49,49.1,7.9
6037408134,89.5,1.32,37.93,11.3
6037408135,91.3,2.04,38.22,19.2
6037408136,93.7,2.15,31.15,7.8
6037408137,95.4,1.22,50.69,12.2
6037408138,96.4,4.07,44.14,6.1
6037408139,99.8,1.21,47.06,12.6
6037408140,99.3,1.55,35.74,11.2
6037408141,98.1,0.72,53.21,22
6037408212,95.3,0.00,37.63,9.9
6037408213,95.3,3.46,50,13.7
6037408301,97.6,3.56,63.2,15.6
6037408302,92.3,0.00,46.79,9
6037408303,93.3,2.01,56.3,5.8
6037408401,91.7,2.78,45.15,11.9
6037408402,76.7,2.06,33.45,11.6
6037408503,84.8,0.00,48.18,4.6
6037408504,88.1,2.30,40.42,9.7
6037408505,91.2,0.30,45,13.9
6037408623,87.2,3.08,35.83,6.8
6037408624,84.1,0.00,50,11.3
6037408625,88,4.53,56.16,6.5
6037408626,94.2,0.00,54.18,8.2
6037408627,91.3,1.09,38.52,9.5
6037408628,94.7,3.95,54.85,12.1
6037408629,87.5,0.00,43.87,13
6037408631,89.1,6.53,54.3,16.8
6037408703,91.3,0.52,39.34,10.8
6037408705,92.6,0.98,61.12,11
6037408707,86.7,0.92,18.08,5.6
6037408722,90.7,0.96,91.35,13.8
6037408724,98.7,8.47,43.02,14.8
6037408725,92.2,0.00,57.93,12.9
6037408800,90.8,1.46,58.02,18.7
6037408900,58.9,0.99,43.28,8.8
6037409000,86.2,4.55,47.75,21.8
6037409100,93,4.69,44.33,16.5
6037430003,63.9,0.29,40.61,3.3
6037430004,70.5,1.76,52.04,5.9
6037430005,86.8,0.82,32.37,5
6037430101,73.8,4.75,58.84,14.4
6037430102,89.4,2.37,58.86,9.4
6037430200,42.2,4.92,71.27,4.6
6037430301,46.9,2.25,26.27,5.1
6037430302,46.2,1.03,46.73,8.9
6037430400,75.8,0.57,34.68,3.5
6037430501,38.9,7.68,26.97,3.6
6037430502,48,2.65,45.62,5.7
6037430600,68.3,0.00,1.67,7.4
6037430701,71.4,1.72,47.46,5.6
6037430721,74,4.08,49.76,11
6037430723,82.6,2.48,63.34,7.3
6037430724,82.1,5.06,36.97,9.3
6037430801,90.8,0.64,50.65,11.9
6037430802,86.6,2.27,55.61,6.3
6037430803,86.4,1.05,57.64,5.4
6037430901,82.5,3.67,51.18,10.8
6037430902,79,2.46,48.89,5.8
6037431002,59.5,2.72,69.03,8.5
6037431003,81.6,0.00,48.04,26.1
6037431004,70.5,1.24,37.78,4.2
6037431100,83.8,3.23,59.16,10.7
6037431200,88.9,1.54,29.19,6.7
6037431300,71.1,3.64,44.76,7.9
6037431400,82.5,7.04,60.06,9
6037431501,82.7,5.73,52.54,10.2
6037431502,82.8,0.67,43.13,12.3
6037431600,84.7,0.71,69.88,5.4
6037431701,75.8,1.22,50.08,6
6037431800,77.5,2.07,59.84,5.4
6037431900,85.3,2.24,52.32,8.2
6037432001,82.8,2.93,49.69,4.2
6037432002,82.8,5.22,50.26,11.3
6037432101,90.1,3.31,25.63,6.5
6037432102,87.9,3.85,38.91,6.4
6037432201,90,3.78,66.54,8.5
6037432202,95.8,0.64,37.26,8
6037432300,93.6,5.13,50.11,9.2
6037432401,97.1,4.12,46.95,12.6
6037432402,95.6,1.02,65.09,18.6
6037432501,94.1,3.31,40.95,15
6037432502,95.3,3.40,37.93,4.8
6037432601,95.8,6.29,60.1,22.1
6037432602,98,4.13,74.62,14.8
6037432700,95.1,6.31,46.8,20.5
6037432801,99.7,0.99,58.83,28.6
6037432802,98.2,9.76,55.4,23.8
6037432901,98.1,0.37,62.9,17.9
6037432902,95,0.30,50.96,9.2
6037433103,97.6,3.60,63.22,13
6037433200,95,1.20,63.69,14.6
6037433302,99.3,3.69,42.22,2
6037433304,96.5,1.67,64.41,23.5
6037433305,97.9,1.04,59.8,17
6037433306,96.2,0.84,46.38,18.6
6037433307,99.1,4.29,52.68,18.3
6037433402,98.4,2.48,47.04,12.7
6037433403,98.2,3.41,62.39,21.7
6037433505,99.4,3.23,52.44,12.9
6037433506,99.9,0.66,63.95,27.3
6037433601,97.5,4.36,48.28,6.3
6037433602,96.6,0.00,61.47,21.7
6037433803,97.6,0.00,73.3,23.9
6037433804,97.8,5.60,65.75,37.5
6037433901,95.9,10.56,59.25,21.2
6037433903,96,2.97,66.42,27.1
6037434001,98.7,1.39,67.78,15.6
6037434003,98.2,2.18,48.99,14.3
6037434004,91.9,0.48,46.31,11.7
6037434100,96.8,3.61,63.14,15
6037460001,30.5,0.00,61.54,1.8
6037460002,51.5,2.55,48.66,2.4
6037460101,37.8,0.35,78.65,3.3
6037460200,67.4,0.00,63.39,9.7
6037460301,69.6,2.00,28.29,4.5
6037460302,78.2,7.63,40.22,5.8
6037460401,78.4,8.97,59.85,6.8
6037460501,51.9,1.23,26.85,2.9
6037460502,43.8,0.00,13.01,2
6037460601,47,2.21,65.43,3.2
6037460700,42.6,0.56,32.9,6.3
6037460800,36,0.00,19.74,1.3
6037460900,78.1,2.82,43.98,21.2
6037461000,85.6,1.34,58.84,10.2
6037461100,60.8,2.03,56.48,10.4
6037461200,41.8,0.09,49.78,2.5
6037461300,28.6,0.00,54.04,11.4
6037461400,45,3.68,56.96,10.4
6037461501,71.5,4.12,58.6,11
6037461502,82.3,5.65,60.58,18.1
6037461600,84.2,2.34,54.28,14.1
6037461700,46.2,3.93,72.86,4.2
6037461901,85.2,12.53,54.83,30.6
6037461902,58.1,11.06,47.49,29
6037462001,91,17.59,32.48,18.1
6037462002,89.5,3.81,65.52,39.1
6037462100,77.1,6.77,43.19,7.4
6037462201,66.6,3.97,61.43,31.9
6037462202,60.4,2.70,47.61,15.7
6037462301,76.7,3.93,50.54,11.3
6037462302,68.4,6.68,55.62,18.3
6037462400,58.8,2.53,36.13,12.9
6037462500,60.8,2.01,35.12,2.8
6037462600,44.5,0.46,26.07,9
6037462700,70,3.09,57.27,17.9
6037462800,62.7,3.62,51.39,12.9
6037462900,68.2,2.66,49.65,5.7
6037463000,62,2.99,40.64,8.4
6037463103,73.7,3.63,50.99,6.5
6037463200,66.2,3.07,54.7,10
6037463300,57.6,2.25,46.88,6.6
6037463400,65.8,2.38,44.77,8.9
6037463500,55.1,2.90,47.26,10.9
6037463601,53.5,2.32,41.34,11.7
6037463602,62.2,4.63,40.04,17.7
6037463700,39.3,3.02,28.19,5.5
6037463800,49.2,0.35,36.9,2.5
6037463900,41.3,0.87,54.44,5
6037464000,48.7,4.45,25.03,4
6037464101,76.4,0.00,16.22,2.3
6037464102,77.7,10.31,18.61,9.4
6037464200,83.1,2.30,61.15,4.4
6037480002,84.5,0.00,31,9.7
6037480011,85.8,8.00,62.16,17.2
6037480012,84.5,4.24,48.59,9.8
6037480101,89.2,2.33,59.34,11.9
6037480102,80.3,1.26,29.4,8.7
6037480201,74.9,3.72,61.64,2.7
6037480202,77.5,1.89,41.53,5
6037480302,86.3,4.13,41.51,12.4
6037480303,93.6,1.66,39.89,7.1
6037480304,92.8,0.86,51.28,11
6037480400,83.9,0.00,62.6,12.4
6037480500,50.4,2.11,47.65,2.5
6037480601,65.4,3.39,39.04,7.3
6037480602,51.7,8.64,35.97,2
6037480702,75,4.02,48.09,3.1
6037480703,61.1,0.59,36.49,9
6037480704,73.3,2.16,38.41,8
6037480802,92.3,2.92,58.66,15.1
6037480803,83.8,0.00,58.25,11.6
6037480804,91,1.87,44.44,9
6037480901,94.5,3.26,50.36,19.8
6037480902,96.4,3.14,55.47,24.7
6037480903,91.6,2.57,44.99,14.9
6037481001,88.2,3.75,59.93,16
6037481002,86.7,1.46,51.88,11.4
6037481101,84.1,1.40,46.52,13.7
6037481102,86.9,3.60,50.13,11.5
6037481103,97.1,1.46,41.95,16.7
6037481201,93.4,2.09,58.71,17.5
6037481203,91.7,4.20,62.8,7.6
6037481300,96.8,0.92,56.58,6.4
6037481401,94.1,1.36,45.75,15.7
6037481403,94,0.00,42.25,18
6037481404,97.3,3.46,49.17,10.4
6037481500,96.2,1.77,63.54,12
6037481603,94,4.45,42.63,9.7
6037481604,96.7,4.56,51.77,8.1
6037481605,98,0.00,40.52,13.3
6037481606,97.4,3.83,54.95,15.9
6037481711,97.3,5.60,59.2,14.3
6037481712,98.5,5.27,66.37,22
6037481713,94.5,1.30,38.29,17.1
6037481714,98.2,4.82,59.16,32.4
6037481800,89,1.61,20,3.9
6037481901,90.7,2.65,50.43,6.5
6037481902,92,8.51,53.64,10.5
6037482001,92.3,0.00,23.39,4.1
6037482002,89.1,1.77,56.58,9.5
6037482101,96.4,2.66,52,12.4
6037482102,91.2,3.48,38.63,7.3
6037482201,96.5,1.58,47.11,19
6037482202,96.5,3.12,57.47,13.2
6037482301,95.9,2.17,55.11,14.5
6037482303,98.2,0.00,65.03,17.4
6037482304,94.9,10.12,46.35,20.6
6037482401,99.3,1.37,55.22,13
6037482403,99.8,0.00,67.64,22.8
6037482404,91.6,1.78,32.58,3.7
6037482502,96.5,0.92,50.11,21.7
6037482503,99.1,0.46,46.42,16.6
6037482521,91.5,0.89,41.09,7.5
6037482522,95.3,0.00,53.42,5.2
6037482600,89.8,0.36,68.29,4.8
6037482701,95.1,6.45,45.7,11.9
6037482702,96,1.43,44.44,7.7
6037482801,93,1.38,40.37,13
6037500100,62.9,1.51,100,1.9
6037500202,56.6,0.05,52.15,3.5
6037500203,58.4,0.00,56.2,2.6
6037500204,34.7,0.48,4.96,5.3
6037500300,77.9,0.71,54.07,4.2
6037500402,98,1.13,58.5,7.3
6037500403,97,1.59,45,21.1
6037500404,95.6,6.01,53.59,5.7
6037500500,97.1,2.78,42.86,10.3
6037500600,98.3,1.45,68.89,7.8
6037500700,98.3,3.46,41.28,12.2
6037500800,95.7,0.00,68.18,6.1
6037500900,94.5,1.54,73.22,18.8
6037501001,94.9,1.09,59.55,12.4
6037501002,90.5,0.00,84.93,3
6037501200,86.4,0.21,63.06,6.9
6037501301,77.4,0.00,45.66,3.8
6037501302,80.9,0.20,49.81,7.7
6037501400,89.3,2.19,56.46,9.1
6037501501,68.5,0.00,42.86,4
6037501503,84.8,0.70,50.61,16.9
6037501504,82.6,2.27,54.78,19.4
6037501600,66.8,1.13,55.69,11
6037501700,69.5,0.00,38.38,9.5
6037501802,76.4,1.04,58.09,9.3
6037501803,83.4,11.99,59.87,14.1
6037501804,90.3,0.78,58.9,16.3
6037501900,72.7,0.00,36.47,5.1
6037502003,91.9,11.34,70.57,18.6
6037502004,93.9,0.46,62.44,10.9
6037502005,81.7,1.63,59.71,5.6
6037502100,87,0.87,45.2,12.5
6037502200,90.3,4.54,42.36,6.5
6037502303,95.7,1.38,76.6,16.1
6037502401,94.5,6.92,58.57,6.8
6037502402,97.1,0.99,43.15,7.2
6037502500,97.2,3.45,39.7,11.9
6037502602,94.7,2.20,64.91,6.7
6037502603,90.5,0.00,71.83,6.5
6037502604,96.1,0.00,49.41,5.8
6037502700,93.5,1.73,31.89,7.9
6037502801,86.5,0.61,55.37,6.9
6037502901,89.4,0.67,37.5,6.9
6037503000,97.9,0.76,38.14,10.7
6037503103,91.5,1.34,43.9,9.8
6037503104,96,2.83,58.39,5.3
6037503105,91,1.72,34.67,2.6
6037503106,83.3,0.15,48.95,12.1
6037503201,85.6,2.50,83.18,11.7
6037503202,90.3,0.00,46.51,14.8
6037503301,80.2,0.48,28.57,4
6037503302,79.8,0.00,53.7,12.7
6037503401,71,1.01,60.4,3.4
6037503402,70.4,0.42,55.07,6.8
6037503501,84.6,0.23,46.96,2.4
6037503502,77.9,0.00,87.2,2.6
6037503601,75.9,1.05,61.66,5.9
6037503602,67.7,0.31,53.64,6.4
6037503701,65.8,0.00,59.83,3.7
6037503702,71.8,0.30,32.06,4.9
6037503704,84.1,1.34,61.85,5.3
6037503705,71.7,0.94,66.67,4.7
6037503801,74.7,2.79,56.73,12.5
6037503802,75.8,6.88,55.85,2.5
6037503901,72.7,0.00,43.37,3.2
6037503902,70.2,0.63,43.94,4.4
6037504001,62,1.09,55.96,10.2
6037504002,66.3,0.00,9.96,6.4
6037504101,88.7,0.00,64.74,10.1
6037504200,92.5,2.07,65.66,17.4
6037530005,91.7,0.00,30.97,2.1
6037530006,87.6,2.07,56.05,9.4
6037530007,90.6,1.03,73.79,8
6037530101,90,5.48,61.2,29.7
6037530102,86.2,0.68,58.49,11.6
6037530202,96.2,4.57,66.94,8.6
6037530203,92.8,3.37,78.02,24.8
6037530204,98.8,3.17,50.88,13.3
6037530301,99.4,10.84,51.9,12
6037530302,97.2,2.10,51.8,14.5
6037530400,100,5.75,44.91,30.3
6037530500,94.7,4.28,39.91,11.8
6037530603,88.7,7.00,42.39,13.3
6037530700,93.7,5.58,45.05,16.7
6037530801,94.4,4.07,40.43,14.4
6037530802,95.4,4.20,64.51,13.7
6037530901,98.4,2.05,49.63,17
6037530902,98.2,19.51,51.68,27.2
6037531000,98,9.18,35.58,7.7
6037531101,99.5,3.43,46.52,14.4
6037531102,99.7,8.59,50,24.3
6037531201,100,2.12,32.17,9.7
6037531202,99.8,15.10,51.52,22
6037531301,98.3,8.74,45.13,18.4
6037531302,98.9,7.24,58.77,24.2
6037531502,99.1,8.51,60.85,20.7
6037531503,97.2,1.29,33.69,13.3
6037531504,100,8.03,53.08,22.8
6037531602,99.1,15.84,45.04,19.6
6037531603,98.5,2.50,43.08,13.6
6037531604,100,4.22,57.52,25.2
6037531701,99.9,8.94,50.36,21.8
6037531702,97.8,6.81,53.7,9.7
6037531800,99.2,4.65,34.03,11.9
6037531901,98.8,8.86,56.48,11.5
6037531902,99.3,5.88,51.58,13.2
6037532001,95.4,6.82,53.48,10.4
6037532002,97.4,1.96,40.64,10.2
6037532101,98.8,3.40,68.81,14.9
6037532102,93.8,0.65,74.2,8.6
6037532200,97.5,5.15,50.17,16.7
6037532302,99,0.89,63.32,17
6037532303,98.8,6.75,50,12.7
6037532304,87.9,3.95,57.03,20.5
6037532500,98.1,3.03,68.82,17.9
6037532605,99.4,4.42,53.01,22.8
6037532606,97.4,7.48,52.88,18.8
6037532607,98.4,6.06,56.54,18.2
6037532700,99.9,16.27,48.19,20.4
6037532800,100,7.64,67.24,28.4
6037532900,97.4,10.23,67.66,34.9
6037533001,100,7.00,40.63,14.9
6037533002,99.8,1.96,70.23,22.9
6037533103,99.1,11.08,63.32,18.8
6037533104,96.4,7.69,55.35,21.1
6037533105,99.4,6.10,65.28,14.7
6037533108,99.2,17.03,55.77,18.5
6037533201,99.9,5.21,43.41,14.9
6037533204,99.7,5.11,46.82,13.4
6037533300,99.6,2.96,65.66,22.4
6037533401,99.5,4.74,43.54,16.7
6037533402,99.5,0.72,48.48,24.1
6037533403,98.6,7.14,56.71,8.5
6037533501,99.5,3.09,39.45,13.9
6037533504,99.2,6.52,63.6,19.2
6037533601,98.3,8.73,52.25,16
6037533602,96.5,0.00,61.76,17.3
6037533603,96.4,5.32,66.17,28.9
6037533701,99.1,10.56,46.64,10.2
6037533702,99.9,2.75,53.15,25.4
6037533703,100,1.93,65.32,18.4
6037533803,86.4,3.74,59.87,32
6037533804,98.1,4.03,60.8,15.2
6037533805,99.3,3.97,63.44,18.6
6037533806,90.3,4.01,64.08,16.4
6037533901,99.4,5.00,62.31,23.6
6037533902,97.4,3.37,62.3,14.2
6037534001,99.5,1.86,40.29,25.2
6037534002,94.2,1.05,58.16,13.4
6037534101,96.5,0.70,37.01,14.5
6037534102,99.4,3.66,61.08,29.6
6037534201,97.8,4.69,68.22,20
6037534202,97.4,0.00,61.93,29.3
6037534203,97.5,6.55,69.1,15.6
6037534301,99,9.03,67.43,36.1
6037534302,99.1,3.48,61.36,28.9
6037534403,96.6,4.77,63.96,34
6037534404,98.8,4.42,44.59,20.7
6037534405,97.6,9.90,72.35,25.8
6037534406,100,7.68,53.9,21.4
6037534501,98.8,3.38,56.31,15.3
6037534502,94.4,0.00,48.11,15.5
6037534700,98.9,1.96,52.63,8.8
6037534802,98.4,9.98,62.5,12.1
6037534803,98.4,4.59,63.72,10.9
6037534804,99.4,7.35,59.36,26.3
6037534900,99.8,4.89,40.99,11.1
6037535001,99.1,4.20,69.64,27.6
6037535002,99.2,7.06,53.72,28.5
6037535101,99.3,7.06,51.88,12.8
6037535102,99,6.71,71.77,18
6037535200,99.9,3.32,78.16,12.1
6037535300,99.3,5.29,76.36,27.1
6037535400,99.6,6.50,58.47,30.5
6037535501,98.6,0.00,63.62,20
6037535502,97.6,10.68,47.47,14.8
6037535503,98,5.92,41.58,8.6
6037535603,99.8,10.79,52.83,18.4
6037535604,99.3,2.39,48.16,10.9
6037535605,98.6,12.94,35.96,8.5
6037535606,99.3,3.68,61.19,7
6037535607,99.3,2.55,49.33,13.4
6037535701,95.2,4.15,49.69,13.6
6037535702,98.7,1.49,48.21,14.6
6037535802,98.6,4.16,40.99,4.9
6037535803,99.2,4.65,70.52,22.5
6037535804,99.5,4.95,55.91,17.9
6037535901,97.9,2.46,72.99,20.3
6037535902,97.5,0.16,40,4.5
6037536000,99,3.76,53.53,23.6
6037536102,84,3.08,89.8,12.5
6037536103,97.9,1.02,58.37,6.8
6037536104,96.6,4.35,48.85,10.7
6037536201,93.8,3.98,53.15,22.2
6037536202,95.9,0.58,43.16,7.4
6037540000,98.4,1.38,54.94,23.5
6037540101,97,8.55,57.11,18.3
6037540102,99.4,5.49,38.06,8.8
6037540201,98.9,12.82,59.51,24.1
6037540202,97.4,4.07,64.21,16.3
6037540203,98,6.88,66.59,22.1
6037540300,99.2,7.37,68.07,4.5
6037540400,98.3,3.69,63.59,21.1
6037540501,91.4,0.00,71.35,16.9
6037540502,99.3,2.53,61.81,21.3
6037540600,99.6,3.41,72.5,30.2
6037540700,98.9,1.88,55.86,9.1
6037540800,98.4,3.28,55.2,12.8
6037540901,96.9,3.92,65.62,10.7
6037540902,99,5.85,44.01,23
6037541003,92.9,3.85,45.59,10.1
6037541100,98.8,7.47,43.71,15.1
6037541200,96.8,7.88,44.87,6.9
6037541300,99.5,6.60,75,8.1
6037541401,97.5,7.04,72.65,14.8
6037541402,100,3.12,69.32,12.9
6037541500,99,1.14,50.66,10.7
6037541603,99.4,0.44,47.67,18.1
6037541604,99.8,4.64,68.95,21.8
6037541605,99.5,6.05,58.63,12.9
6037541606,100,0.72,45.91,39.1
6037541700,97.9,10.50,46.04,12.5
6037541801,99,1.77,55.27,29.2
6037541802,99.2,2.50,77.85,9.6
6037542000,99.6,6.27,44.32,11.4
6037542103,99.1,2.31,45.89,11.3
6037542104,99.7,3.58,52.53,11.5
6037542105,100,1.23,51.11,20.5
6037542106,99.4,4.46,46.83,28.1
6037542200,99.7,4.56,63.97,25.2
6037542401,97,3.90,74.65,14
6037542402,99.7,1.53,48.27,9.3
6037542501,100,2.06,48.52,19.9
6037542502,99,3.80,45.99,26.8
6037542601,98.9,3.82,55.48,23.9
6037542602,99,5.17,59.13,14.8
6037542700,99.6,0.41,51.76,14.9
6037542800,99.9,1.55,56.73,8.6
6037542900,100,2.78,55,9
6037543000,99.3,0.62,77.07,8.5
6037543100,99.9,1.69,43.45,19.6
6037543201,98.4,7.92,48.86,14.1
6037543203,99.5,2.07,53.78,33.3
6037543304,97.8,1.76,23.73,8.2
6037543305,89.2,0.00,56.8,13.5
6037543306,90.2,0.00,35.85,2.3
6037543321,93.7,2.26,54.27,13.2
6037543322,95.3,0.00,4.41,7.1
6037543400,95.7,1.33,71.43,10
6037543501,94.5,1.89,44.65,14.2
6037543502,91.2,1.51,54.24,7.6
6037543503,87.6,2.44,39.58,5.9
6037543601,94,2.35,39.39,9.4
6037543603,83.7,0.14,53.97,5.8
6037543605,81.2,3.08,50.96,6.2
6037543606,84.2,0.00,58.5,8.8
6037543607,93.3,0.49,79.31,10
6037543701,95.2,1.72,51.39,4.8
6037543703,91.2,4.94,44.59,5.3
6037543704,89.8,0.00,72.89,5.4
6037543705,96.2,0.00,52.3,7.8
6037543801,91.3,5.10,30.29,6.2
6037543803,90.8,2.07,75.12,13.9
6037543804,89.6,4.18,46.91,21.9
6037543903,94.3,0.00,36.36,7.1
6037543905,97.5,1.08,56.22,10.8
6037544001,90.7,2.81,60.62,8.5
6037544002,96.4,0.75,46.34,3.9
6037550101,93,1.20,44.44,12.7
6037550201,91.4,3.16,43.73,11.1
6037550202,91.4,1.16,38.94,5.4
6037550301,92.7,3.31,73.73,4.8
6037550501,93,3.41,64.85,11
6037550502,79.8,0.83,83.26,1.5
6037550601,91.3,2.90,35.46,10.6
6037550602,79.3,0.82,48.34,8.3
6037550700,86.4,2.00,27.32,8.7
6037550801,78.7,0.00,75.6,6.7
6037550802,91.4,3.47,48.43,9.9
6037550901,87.9,9.48,48.33,17.6
6037550902,91.4,1.14,52.7,6.7
6037551001,83.1,5.41,54.92,3.4
6037551002,79.1,4.56,38.27,5.6
6037551101,88.6,3.17,46.06,13.7
6037551102,92.5,6.32,62.97,16.1
6037551201,84.8,2.19,79.68,7
6037551203,91.9,3.98,56.2,13
6037551204,86.7,1.16,61.63,12.7
6037551300,91.6,5.48,57.72,14.2
6037551401,93.3,0.73,57.24,9.6
6037551402,85.4,1.73,60.31,9.6
6037551501,86.7,0.00,52.24,7.6
6037551502,90,0.09,57.99,3.3
6037551700,93.1,4.64,54.33,11.2
6037551801,92.5,6.81,55.44,1.9
6037551802,85,0.00,76.79,9.2
6037551900,79.9,2.84,71.21,11.7
6037552001,90.2,1.27,54.58,4.8
6037552002,90.3,4.59,30.21,6.4
6037552100,91.1,0.00,54.1,8.1
6037552200,95.9,4.65,63.57,24.1
6037552301,95.8,0.20,51.2,7.4
6037552302,69,0.57,56.66,13.7
6037552400,91.9,0.70,80,7.1
6037552601,95,2.22,56.87,11.4
6037552602,92.8,2.28,40.9,9.2
6037552700,91.6,1.37,59.01,5.2
6037552800,93.1,4.12,56.81,4.5
6037552900,80.2,0.00,57.98,17.1
6037553000,83.6,0.00,18.85,7.2
6037553100,84.5,1.34,47.79,11
6037553201,87.9,2.38,40.73,8.1
6037553202,89.4,0.00,67.83,6.9
6037553300,87.9,1.96,19.35,5.8
6037553400,93.6,1.20,56.86,3.8
6037553502,87.6,6.74,40.64,5.2
6037553503,97.7,1.72,68.97,16.2
6037553504,92.1,4.98,61.57,9.5
6037553601,97.8,1.84,63.8,15.2
6037553602,97.5,4.24,65.8,4
6037553701,98.9,2.48,45.84,13.2
6037553702,99.6,0.92,56.82,13
6037553801,95.6,2.31,72.55,32.2
6037553802,92,4.99,52.56,14.3
6037553901,96.3,1.95,50.44,12.2
6037553902,96.3,1.85,55.71,13.5
6037554001,76.1,2.13,48.59,7.6
6037554002,92.5,1.27,59.59,18.6
6037554101,93,1.15,51.1,22.2
6037554105,93,0.62,67.79,29.9
6037554106,86.6,1.19,53.93,15.8
6037554201,87,0.00,60.09,6.3
6037554203,90.2,2.75,59.21,17.6
6037554204,88.9,1.62,55.56,16.8
6037554301,86.8,1.59,62.35,12.8
6037554302,96.1,3.47,53.2,6.6
6037554403,90.5,6.76,51.81,11.6
6037554404,93.1,0.75,58.69,16.9
6037554405,73.8,5.71,68.27,15.6
6037554406,74.4,1.99,53.57,5.3
6037554511,93.5,0.47,27.13,4.9
6037554512,89.1,0.00,26.41,5.6
6037554513,92.4,2.32,53.89,4.4
6037554514,87.5,0.82,22.52,5.6
6037554515,87.3,0.00,37.82,9.4
6037554516,83.1,3.03,42.79,3.7
6037554517,95.5,1.12,51.78,12.1
6037554518,90.5,0.00,51.67,5.3
6037554519,91.8,1.78,14.53,8.5
6037554521,79.1,1.16,57.69,3.2
6037554522,85.8,2.06,16.36,3.2
6037554600,86.3,0.93,59.06,10.4
6037554700,97.6,0.00,47.4,7
6037554801,87.1,0.00,35.55,9.3
6037554802,86.5,1.57,43.63,6.4
6037554900,85,2.69,59.96,10.6
6037555001,86,0.23,49.15,11.5
6037555002,79.5,0.00,53.16,6.8
6037555105,87.1,5.34,53.52,5
6037555106,92.3,0.00,63.76,3.9
6037555107,78.8,0.80,58.75,8.2
6037555202,50.3,0.00,64.58,4.6
6037555211,97.5,2.60,51.17,28.6
6037555212,88.2,1.26,47.68,14.2
6037555300,78.4,1.74,65.63,15.6
6037570001,68.5,1.20,57.8,8.4
6037570002,65.8,0.61,25.81,3.3
6037570003,56.9,0.00,69.35,3.8
6037570100,84.2,0.32,68.44,17.3
6037570202,96.2,2.80,63.74,20.2
6037570203,95.9,6.65,59.64,17.7
6037570204,87,0.96,50.12,7.2
6037570303,93.1,4.59,65.54,17.6
6037570304,90.5,6.03,50.96,21
6037570305,94.1,2.34,63.88,25.6
6037570306,92.5,0.42,45.32,18.6
6037570402,95.7,2.26,58.47,11.6
6037570403,97.1,7.03,44.38,23.4
6037570404,96.4,1.93,66.02,21.3
6037570502,94.4,11.08,50.55,13.9
6037570503,90.5,4.32,29.69,11.3
6037570504,90.5,6.16,51.46,16.9
6037570601,90.2,5.06,50.58,13.3
6037570602,94,2.96,60.77,16.5
6037570603,90.4,7.94,61.57,31.3
6037570701,75.7,1.49,52.5,5.1
6037570703,77.6,0.48,67.74,6.7
6037570800,61.2,0.55,54.84,4.3
6037570901,62.9,0.88,58.52,5.9
6037570902,46.6,0.00,45.22,3.6
6037571000,48.5,1.87,52.7,4.4
6037571101,50.9,0.50,61.01,5.4
6037571102,61.3,0.30,57.48,6.1
6037571201,48.4,1.15,40.22,4.6
6037571202,64.5,1.14,57.16,4.1
6037571300,64.5,0.00,68.57,4.9
6037571400,72.1,1.17,48.58,5.1
6037571502,79.8,0.00,56.6,5.3
6037571504,65.6,3.01,50.72,12
6037571505,82,0.00,48.7,10
6037571600,96.3,6.38,48.84,34.5
6037571701,86.6,3.43,56.64,29.1
6037571703,90.9,1.92,64.33,24.4
6037571704,94.6,2.25,65.27,19.5
6037571800,57.1,2.23,54.62,6
6037571900,54.9,1.07,33.85,6.1
6037572001,54,0.00,64.96,4.5
6037572201,78.4,2.56,64.6,14.7
6037572202,79,10.78,48.53,15.1
6037572301,92.5,7.55,51.02,19.6
6037572500,83.7,2.57,44.85,20.8
6037572600,97.5,2.52,14.08,6
6037572700,97.6,8.87,38.4,14.8
6037573002,95,9.75,61.85,5.6
6037573003,81.9,2.56,46.06,19
6037573004,91.5,11.11,63.56,20.6
6037573101,90.9,3.48,60.99,8.8
6037573102,83.8,2.04,49.78,18.4
6037573201,93.7,8.93,66.93,22.3
6037573202,94.3,5.98,48.08,12
6037573300,97.1,0.00,53,31.3
6037573401,73.2,0.00,57.97,23.4
6037573402,77.4,3.10,35.89,7.2
6037573403,69.2,0.53,17.32,6.4
6037573601,40,0.70,3.46,7.6
6037573700,56.7,0.29,42.49,3.7
6037573800,46.1,1.29,50.32,5.1
6037573902,39.8,0.00,32.69,8.3
6037574000,40.9,0.00,19.35,5.4
6037574100,53.4,0.00,47.29,1.6
6037574201,54.6,0.00,58.11,2.5
6037574202,58.7,1.11,35.88,5.7
6037574300,45.4,0.00,34.47,3.6
6037574400,35.5,0.00,50.21,3.8
6037574500,40.3,1.73,20.55,1.9
6037574602,48.9,0.68,54.17,0.3
6037574800,37.2,0.79,40.18,11.6
6037574901,42.4,0.82,21.03,10.3
6037574902,68.1,4.18,54.15,26.4
6037575001,74.5,4.95,56.58,13.2
6037575002,59,0.93,46.61,14.1
6037575101,88.7,14.44,73.05,23
6037575102,93.2,13.41,72.21,24.6
6037575103,82.7,10.97,59.58,13.3
6037575201,95.7,6.25,67.07,25.3
6037575202,96.7,5.27,55.87,20.4
6037575300,94.7,11.74,65.42,28.1
6037575401,94,11.30,54.39,24.2
6037575402,94.4,4.87,51.14,18.1
6037575801,93.6,0.41,66.71,24.5
6037575802,92.2,5.60,68.97,18.2
6037575803,64.9,14.74,73.39,44.4
6037575901,82.2,6.79,60.29,34.8
6037575902,69.6,7.14,55.97,15
6037576001,54.8,2.54,44.04,6.8
6037576200,71.8,1.76,64.92,18.4
6037576301,85.3,9.10,61.77,32.6
6037576302,80.2,9.12,53.67,23.5
6037576401,91.7,9.40,53.63,27.9
6037576402,93.5,5.91,64.34,21
6037576403,90,8.05,54.28,19.2
6037576501,75.4,6.51,58.2,23.1
6037576502,75.8,2.28,54.39,16
6037576503,69.5,2.64,61.38,15.6
6037576601,67.4,1.68,62.86,16.8
6037576602,50.6,2.52,56.43,11.4
6037576700,49.5,1.84,45.41,8.9
6037576801,61.8,6.65,48.11,20.8
6037576802,56.2,0.87,41.45,8.6
6037576901,88.7,7.22,53.92,23.1
6037576903,81.7,14.08,53.69,17.2
6037576904,66.8,1.20,61.28,23.9
6037577000,63.3,2.27,48.36,17.4
6037577100,43.4,2.27,45.68,12.1
6037577200,40.6,0.46,34.42,7.6
6037577300,41.3,1.86,38.23,3.6
6037577400,26.7,1.46,35.13,6.2
6037577501,24.8,1.73,47.45,8.9
6037577504,22.7,0.00,65.5,7.6
6037577602,32,3.57,51.87,6.3
6037577604,26,2.83,50.86,3.6
6037577605,28.3,0.52,39.61,4
6037577606,41.2,0.00,41.98,8.7
6037577700,98.4,7.07,29.17,7
6037577800,86.5,1.24,46.51,3.3
6037577900,65.8,3.62,66.74,10.8
6037578000,92.5,5.29,55.12,35
6037578100,47.8,0.00,-1,66.7
6037599000,64.5,0.76,51.95,8.3
6037599100,53.8,6.83,50.94,19.7
6037600100,99.9,6.21,62.5,18.5
6037600201,99.7,3.62,53.81,26.7
6037600202,97.2,15.20,72.24,27.9
6037600302,98.4,3.21,44.5,8.5
6037600303,99.9,4.48,66.22,31.4
6037600304,98.8,8.63,68.49,20.6
6037600400,97.9,15.71,64.66,32.6
6037600501,97.3,6.96,76.05,10.4
6037600601,98.6,2.02,56.02,14
6037600602,99.8,12.60,64.26,14.6
6037600702,97.8,4.92,59.18,10.1
6037600703,96.8,4.32,64.89,9.6
6037600704,89.2,4.85,68.18,6.1
6037600801,98.1,12.64,54.22,8
6037600802,96.1,3.83,70.43,8.9
6037600902,92.5,3.22,62.6,7.4
6037600911,92,6.48,51.92,12.6
6037600912,91.6,4.32,52.1,12.1
6037601001,94.4,7.02,45.41,18
6037601002,96.7,5.81,47.52,19.6
6037601100,97.5,7.76,64.14,22.3
6037601202,94.8,1.21,53.14,7.7
6037601211,94.8,8.88,64.42,10.8
6037601212,96,4.41,49.39,5.8
6037601301,82.2,1.66,50.51,4.1
6037601302,87.1,4.07,53.38,16.7
6037601303,96.5,11.08,66.22,20.4
6037601401,88.9,7.46,56.55,25.6
6037601402,93.3,3.05,47.29,22.6
6037601501,99.5,2.42,50.55,23.6
6037601502,97,5.20,45.96,16.1
6037601600,99,2.23,59.2,6.8
6037601700,98.7,8.31,61.26,22.2
6037601801,99.9,6.43,51.48,18.8
6037601802,95.3,8.83,37.95,8.2
6037601900,99,15.12,57.89,22.2
6037602002,94.6,4.39,56,13
6037602003,98.3,2.40,57.75,15.7
6037602103,95.7,3.12,74.17,35.7
6037602104,96,2.46,61.66,12.9
6037602105,89.4,6.91,59.07,24.1
6037602106,91.3,3.62,49.61,13.2
6037602201,76.7,0.99,49.25,7.8
6037602202,86.4,0.00,48.75,5
6037602301,73,2.83,61.92,8.9
6037602302,47,0.40,32.39,6.4
6037602402,86.4,3.38,39.77,4.1
6037602403,88.8,6.54,57.72,14.7
6037602404,94.1,2.96,56.11,24.3
6037602504,95.9,2.27,57.71,24.9
6037602505,95.7,0.95,51.83,24.2
6037602506,96.5,7.18,47.5,27.4
6037602507,96.6,5.69,59.99,9.1
6037602510,94.9,13.24,61.69,17.6
6037602511,99.8,10.20,74.07,19.6
6037602512,94.3,0.13,48.64,18.5
6037602513,97.2,0.00,60.13,29
6037602601,96.8,2.19,72.28,6.7
6037602602,94.6,1.54,67.64,11.3
6037602700,93.8,4.75,33.9,7.6
6037602801,98.2,1.77,66.73,19
6037602802,98.7,5.39,54,4.1
6037602900,97.8,6.63,17.56,13
6037603004,92.7,1.28,59.01,4.9
6037603005,96.6,0.50,62.8,11.1
6037603006,95.8,4.45,35.31,7.9
6037603007,92.3,1.76,71.21,15.6
6037603008,95.9,3.78,28.27,10.7
6037603101,86.6,2.48,58.17,18.3
6037603102,91.4,1.60,65.24,8.2
6037603200,90.3,2.62,47.46,6.6
6037603301,93.1,1.69,46.98,13.7
6037603302,96,2.18,39.97,8
6037603400,88.9,2.41,44.33,10.2
6037603500,94,9.85,51.88,11.1
6037603600,77.5,0.43,59.79,13.4
6037603702,62.4,2.34,33.17,6.9
6037603703,80.7,0.00,11.11,2.8
6037603705,93.6,2.13,67,7.4
6037603706,96.6,9.51,62.3,14.2
6037603801,88.3,2.01,67.68,18.6
6037603802,89.5,0.00,48.26,11
6037603901,81.7,0.68,32.23,4.9
6037603902,88,5.20,59.2,7.3
6037604001,84.2,1.27,45.85,9.8
6037604002,77.6,1.48,66.2,16.6
6037604101,89.9,0.53,65.1,10.7
6037604102,88.1,1.98,34.91,20.2
6037604200,92.1,2.79,59.43,12.6
6037609900,74.6,1.96,49.16,19.5
6037620001,49.1,1.05,43.1,1.6
6037620002,43.9,0.84,49.36,8.6
6037620101,47.8,0.41,34.33,3.1
6037620102,35.3,0.00,22.36,5.4
6037620201,20.8,0.00,29.64,6.8
6037620301,27,0.00,63.82,2.8
6037620303,26.2,0.00,41.11,5.6
6037620305,17.6,2.61,35.33,2
6037620400,43.1,0.27,38.88,1.8
6037620501,55.2,0.00,51.94,5.5
6037620521,48,0.43,45.34,4.4
6037620522,47.6,0.66,40.82,4.3
6037620601,57.5,0.73,45.44,8.1
6037620602,40.6,0.00,39.69,5.6
6037620701,45.9,1.09,40.39,3
6037620703,36.2,1.00,9.06,1.4
6037620704,41.5,1.00,37.39,2.6
6037620801,37.4,0.66,13.61,3.3
6037620802,28.7,0.64,26.12,3.4
6037620901,35.2,0.00,40.82,3.9
6037620904,9.2,0.00,21.9,7.5
6037621001,28.4,0.00,58.77,8.1
6037621005,15.1,3.72,38.83,3.6
6037621102,32.9,0.00,20.91,5.5
6037621104,32,0.00,37.36,4.6
6037621201,40.3,0.32,45.23,5.8
6037621204,37,0.61,58.76,4.5
6037621301,44,0.24,54.1,5.6
6037621324,26.5,1.67,49.04,8.8
6037621326,33.9,2.57,50.84,5
6037621400,40.4,0.57,37.04,3.8
6037650001,78.5,0.00,64.02,13.1
6037650003,68.5,4.94,61.16,10.3
6037650004,86.2,2.01,51.37,12.6
6037650101,84,0.00,78.78,6.8
6037650102,69,1.57,48.67,3.6
6037650200,64.8,1.70,59.7,3.7
6037650300,77.5,4.10,49.4,8.5
6037650401,61.3,0.83,19.56,6.4
6037650501,56.4,0.00,43.44,1.9
6037650502,55.1,0.48,25.44,2
6037650603,55.5,0.00,49.79,9
6037650604,75.1,2.17,45.03,15
6037650605,75.8,2.55,38.71,3.4
6037650606,74,0.74,43.57,9.1
6037650607,81.4,0.00,51.14,2.5
6037650701,55.2,2.04,46.54,3.3
6037650702,53.5,1.97,60.18,1.9
6037650801,85.5,0.00,48.8,5.6
6037650802,81.3,0.00,67.12,10.1
6037650901,71.9,1.08,55.09,7.9
6037650903,74.6,1.13,57.9,9.5
6037650904,79.3,0.00,33.12,5.7
6037651001,64.7,0.00,70.51,4.1
6037651002,72,0.46,35.73,5.2
6037651101,65.7,0.00,35.04,4.4
6037651102,60.6,0.46,45.11,9.6
6037651201,61.3,0.00,9.4,12.4
6037651221,73,0.40,48,7
6037651222,64.8,3.64,46.49,2.2
6037651302,39.8,0.00,50.97,3.7
6037651304,41.7,0.00,31.65,5.8
6037651401,58.9,0.00,33.15,13.5
6037651402,71.7,1.32,53.81,4.5
6037670001,63.8,0.00,56.63,3.3
6037670002,65.9,6.43,39.68,12.1
6037670003,44.1,1.71,57.82,6.2
6037670101,68.8,0.38,30.38,31.1
6037670102,78.6,0.05,51.46,11.9
6037670201,38.6,0.00,53.15,2
6037670202,44,0.00,50,1.4
6037670324,29,0.00,60.38,3
6037670326,42.3,0.00,27.4,1.3
6037670328,46.4,0.00,58.86,3
6037670405,51,0.00,50.19,6.4
6037670406,66.5,0.79,63.83,7.2
6037670407,67.1,0.00,30.2,5.2
6037670413,56.7,0.70,59.13,2.9
6037670416,54.4,0.00,59.3,4.9
6037670417,57.5,4.58,56.95,2.6
6037670418,51.7,0.83,33.33,3.5
6037670500,36.7,0.00,11.11,7.2
6037670603,61.8,2.83,46,2.2
6037670604,38.5,6.67,58.01,5.5
6037670701,53.7,0.00,45.61,3.9
6037670702,38.4,0.00,59.44,2.8
6037700101,31.2,2.26,39.7,12.9
6037700102,33.5,4.91,45.49,16.6
6037700200,42,5.84,45.87,11.1
6037700300,26.3,5.65,41.62,9.3
6037700400,20.2,1.92,47.01,11.3
6037700501,21.4,2.99,38.77,14
6037700502,33.8,0.00,56.72,19.2
6037700600,16.7,1.20,47.24,5.1
6037700700,8.9,0.46,23.53,4.5
6037700801,25.1,0.00,46.03,18.1
6037700802,30.9,0.71,52.07,14.6
6037700901,32.1,2.27,59.82,8.9
6037700902,35.5,1.51,59.3,6.3
6037701000,27.6,6.12,42.78,7.9
6037701201,26.2,2.44,39.04,7.1
6037701202,18.4,3.20,49.9,10.2
6037701302,26.4,4.21,54.88,10.3
6037701304,32.9,0.57,32.64,6.1
6037701402,41.9,3.47,40.71,19.9
6037701501,36.6,0.65,30.42,10.3
6037701502,39.9,4.28,36.45,5.6
6037701601,32.1,1.38,33.38,3.9
6037701602,49.6,0.86,48.12,14.2
6037701701,45,1.58,48.38,7.2
6037701702,36.6,3.08,52.99,18.9
6037701801,69.8,4.38,46.41,11.8
6037701802,58.3,6.74,50.69,20.9
6037701902,29.8,3.86,43.84,23.4
6037702002,38.7,1.53,47.66,10.6
6037702102,28.8,2.92,39.7,11
6037702201,34.4,1.15,52.43,10.3
6037702202,28.2,1.17,50.55,5.1
6037702300,35.7,3.75,38.57,6.5
6037702400,49.5,3.44,41.03,9.2
6037702501,36.6,0.91,30.75,5.4
6037702502,59,0.00,48.79,8.3
6037702600,46.8,2.58,52.32,3.5
6037702700,46.6,1.16,55.81,1.9
6037702801,60,3.45,60.69,8.6
6037702802,59,3.45,47.99,5.6
6037702803,67.3,7.54,50.49,6.3
6037702900,36,1.39,46.01,0.8
6037703002,86,0.57,51.05,9.3
6037703003,65.6,1.04,63.78,7.7
6037703100,90.7,0.00,18.88,13.3
6037703200,86.7,0.00,64.59,4.8
6037800101,20.9,0.54,43.97,2
6037800103,36.6,0.00,73.15,8.3
6037800104,30.3,0.00,48.98,4.6
6037800202,13.9,0.22,68.18,6.6
6037800204,24.1,1.99,90.14,5.2
6037800205,46.4,0.00,53.82,18.5
6037800206,15.1,0.00,0,7.2
6037800324,31.4,0.50,52.13,3.8
6037800325,16,0.00,53.42,7.3
6037800328,31.5,0.00,47.3,5
6037800333,30.5,0.00,40.19,9.6
6037800334,33.5,0.00,71.34,10.8
6037800335,26.5,0.00,31.13,7.2
6037800336,31.7,0.00,13.19,2.9
6037800337,48,0.00,72.55,21.4
6037800338,25.6,0.00,32.95,4.2
6037800406,24.8,0.00,27.68,7.8
6037800410,40.1,0.28,40.37,8.9
6037800411,22.7,0.98,56.98,6
6037800412,20.6,0.00,38,16.1
6037800504,22.5,1.45,38.07,19.1
6037800506,24.3,0.07,55.76,4.9
6037900102,56.4,0.00,39.45,10.1
6037900103,71.3,1.35,45.32,15.2
6037900104,81.6,0.00,58.99,12.2
6037900301,75.2,0.00,49.05,15.9
6037900501,81.8,0.30,65.15,9.2
6037900504,86.5,2.65,67.67,16
6037900505,88.6,2.82,68.81,24.7
6037900506,83.8,0.77,65.14,14
6037900508,78.6,2.58,72.04,21
6037900509,76.1,0.73,30.9,19.4
6037900510,92.6,7.09,63.95,18.2
6037900602,81.5,4.09,58.12,9.7
6037900606,83.8,0.51,48.23,12.9
6037900607,82,5.54,52.2,13.9
6037900608,89.9,0.00,69.82,14.7
6037900609,88.7,0.17,48.35,25
6037900610,82.3,2.46,37.18,7.6
6037900611,96.7,0.94,25.51,11.8
6037900701,84.4,3.06,56.16,22.1
6037900703,76.3,0.95,54.77,18.2
6037900704,81.6,0.87,54.3,12.5
6037900705,57.7,0.00,56.02,22.4
6037900804,87.6,0.68,59.52,28
6037900805,64,2.42,54.52,9.1
6037900806,79.4,0.71,59.24,34.7
6037900807,81.4,1.54,41.77,6.5
6037900808,79.5,0.29,72.08,27.8
6037900901,67.2,0.00,76.16,20.4
6037900902,39.6,0.00,16.95,4.4
6037901003,83.9,-1.00,-1,-1
6037901007,52,0.00,38.46,6.6
6037901008,79.8,1.52,40.94,6.3
6037901009,60.7,1.95,62.71,18.6
6037901010,64,1.85,50.15,29.2
6037901011,66.3,0.31,50.88,13
6037901012,74.3,0.64,48.62,6
6037901013,63.9,0.00,55.37,6.2
6037901014,65.5,1.09,50.93,9.9
6037901101,54.5,0.00,25.38,9.1
6037901102,57.6,2.44,38.79,10.3
6037901209,56.3,2.37,29.71,19.6
6037901210,25.6,5.29,68.54,5
6037901214,48.3,0.47,71.02,10.5
6037901215,53.1,0.99,83.26,19.8
6037901216,40.4,0.00,0,6.8
6037901217,34.2,0.00,0,4.5
6037901218,61.5,0.00,-1,0.4
6037901300,70.9,0.00,57.67,29.2
6037910002,76.4,0.00,68.8,16.5
6037910210,59.9,0.61,17.98,1.9
6037910211,36.4,1.16,31.58,4.2
6037910212,48.1,0.00,22.22,12.6
6037910213,61,1.33,6.02,4
6037910214,78.1,0.93,50.32,4.7
6037910215,82.6,1.66,55.51,3.1
6037910216,56.3,0.29,43.01,10.6
6037910217,87.1,0.00,79.66,11.9
6037910218,56.1,2.47,75.35,13.3
6037910301,44.3,0.00,19.52,10.4
6037910302,58.5,2.17,43.6,5.9
6037910401,78.3,1.45,67.12,7.7
6037910404,84.2,2.24,54.74,12.8
6037910405,92.7,3.32,57.67,31.2
6037910501,91.6,4.65,60.75,34.5
6037910502,95,0.00,57.23,26.9
6037910504,89.6,0.19,63.2,8.9
6037910505,88.8,2.88,75.73,6
6037910601,90.2,0.81,41.05,13.7
6037910602,87.5,1.93,80.62,25.7
6037910605,83.3,3.13,43.03,23.4
6037910606,89.2,1.21,33.99,18.3
6037910607,83.4,0.72,44.87,26
6037910608,89.7,0.79,67.88,14.6
6037910706,93.2,0.00,76.16,8.9
6037910707,85.7,3.47,61.21,18.3
6037910709,58.4,1.52,30.14,5.9
6037910712,86.5,0.00,32.76,12.7
6037910713,94.1,0.84,41.1,24.2
6037910714,94.7,3.65,59.26,9.2
6037910715,92.7,2.71,87.01,14.5
6037910716,89.8,1.02,68.75,13.2
6037910717,90.2,0.98,86.96,4.4
6037910718,96.6,0.49,16.19,5.7
6037910719,95.1,0.00,46.82,13.9
6037910720,87.7,0.00,60.79,22.1
6037910721,64.4,0.07,77.36,16.3
6037910804,42.1,4.89,73.97,5.7
6037910807,47.6,1.77,40.07,12.6
6037910808,56.2,0.62,52.63,2
6037910809,37.9,0.00,58.62,6.4
6037910810,40.3,1.48,84.13,3.8
6037910814,37.8,0.00,38.27,9.4
6037910815,41.4,0.00,11.25,11.6
6037911001,40.8,0.43,34.67,13.5
6037911100,91.4,0.00,58.45,21
6037920013,61.5,0.94,50,14.4
6037920015,37.2,0.00,91.3,1.3
6037920016,45.1,0.27,64.11,2.2
6037920017,46.3,3.41,38.58,2
6037920018,34.5,3.76,62.75,6.9
6037920020,45.7,0.00,64.78,2.9
6037920028,70,1.41,65.03,0.2
6037920029,54,1.49,48.45,4.8
6037920030,69.5,0.83,49.67,7.4
6037920031,47.2,0.00,60.06,13.1
6037920034,66.5,1.29,51.87,7.8
6037920035,76.2,4.27,54.91,13.7
6037920038,91.7,1.41,55.88,14.1
6037920039,61.7,0.61,32.43,7.2
6037920040,61.9,1.40,67.06,2.7
6037920041,72.9,0.53,57.91,7.1
6037920042,66.1,9.16,39.37,6.2
6037920043,59.5,0.80,44.18,7.2
6037920044,58.3,2.68,53.98,8.1
6037920045,39.1,3.90,29.89,3.2
6037920046,75.1,0.97,56.5,4.4
6037920047,85.8,1.41,60.33,26.1
6037920048,68.3,3.32,67.4,10.6
6037920049,42.6,1.93,50,7.7
6037920050,24,1.71,62.24,21.4
6037920102,53.8,0.46,76.49,7.4
6037920104,48.4,0.00,32.2,5.3
6037920106,69.9,1.24,53.61,5.5
6037920109,44.8,0.35,50.52,6.9
6037920110,51.5,0.00,62.82,6.7
6037920111,32.3,0.00,57.14,4.1
6037920112,44,0.94,68.71,8.4
6037920114,51.8,0.00,54.56,6.9
6037920115,51.3,3.55,67.75,3
6037920116,42.5,1.08,65.79,5.6
6037920118,65.8,0.00,38.51,1.7
6037920119,60.9,0.00,36.36,5.2
6037920120,58.3,1.42,31.52,4.7
6037920121,64.4,1.65,59.72,3.8
6037920200,88.4,-1.00,-1,-1
6037920303,47.8,2.54,54.49,6.5
6037920312,60.9,1.88,76.19,8.9
6037920313,57.4,1.10,18.55,2.8
6037920314,47.8,2.52,46.88,10.6
6037920322,38.4,4.00,63.21,10.2
6037920326,55.5,1.17,61.86,2.8
6037920328,32.4,0.31,46.79,15.9
6037920329,33.7,1.73,56.58,8.2
6037920330,27.1,1.57,59.34,8.6
6037920331,34.2,1.56,49.31,8.9
6037920332,41.5,0.00,54.13,7.8
6037920334,36.4,2.67,74.47,9.3
6037920338,55.1,1.20,89.81,6.1
6037920339,66.2,0.00,49.76,5.3
6037920340,72.1,1.64,62.67,16.1
6037920341,91.2,4.58,55.69,16.5
6037920342,97.7,3.15,67.78,9.1
6037920343,81.2,4.15,75.63,11.5
6037930400,58.7,0.00,20.62,14.2
6037980001,-1,-1.00,-1,-1
6037980002,-1,-1.00,-1,-1
6037980003,-1,-1.00,-1,-1
6037980004,-1,-1.00,-1,-1
6037980005,-1,-1.00,-1,-1
6037980006,-1,-1.00,-1,-1
6037980007,-1,-1.00,-1,-1
6037980008,100,0.00,72.22,87.7
6037980009,80,-1.00,-1,-1
6037980010,91.6,1.59,87.5,42.7
6037980011,79.2,0.00,-1,3
6037980012,100,-1.00,-1,-1
6037980013,-1,-1.00,-1,-1
6037980014,90,0.00,100,100
6037980015,86.6,0.64,58.42,23.1
6037980016,94.3,0.00,29.03,2.2
6037980017,48.7,15.15,0,62.9
6037980018,-1,-1.00,-1,-1
6037980019,13.3,0.00,100,18.7
6037980020,-1,-1.00,-1,-1
6037980021,93.7,0.00,-1,6.3
6037980022,-1,-1.00,-1,-1
6037980023,100,0.00,-1,0
6037980024,54.1,0.00,35.48,13.2
6037980025,98.9,0.00,75.91,1.4
6037980026,100,-1.00,-1,-1
6037980028,-1,-1.00,-1,-1
6037980030,-1,-1.00,-1,-1
6037980031,58,0.00,0,0
6037980033,78.6,-1.00,-1,54.5
6037980034,-1,-1.00,-1,-1
6037980035,92.2,6.33,65.93,3
6037980036,100,0.00,17.86,6.4
6037980037,-1,-1.00,-1,-1
6037980038,-1,-1.00,-1,-1
6037980039,-1,-1.00,-1,-1
6037990100,-1,-1.00,-1,-1
6037990200,-1,-1.00,-1,-1
6037990300,-1,-1.00,-1,-1
